Method,Planner,Motion Profile,Map ID,Agent size,Number of agents,Number of pillars,Agent speed,Drone speed,Depth variance,Initial position,Target position,Flight time,Grid discovered,Agent tracked,Agent tracked time,Success,Static Collision,Dynamic Collision,Freezing,Dead Lock,state machine
Oxford,Primitive,CVM,0,7.6,30,0,20,20,0,"(40, 40)","(40, 250)",11.1,241,4,2.0250000000000004,0,0,0,0,1,2
Oxford,Primitive,CVM,0,7.6,30,0,20,20,0,"(40, 40)","(40, 460)",10.7,248,4,1.775,0,0,1,0,0,2
Oxford,Primitive,CVM,0,7.6,30,0,20,20,0,"(40, 40)","(250, 40)",13.6,328,3,1.8333333333333337,1,0,0,0,0,1
Oxford,Primitive,CVM,0,7.6,30,0,20,20,0,"(40, 40)","(250, 250)",17.0,528,3,5.966666666666668,1,0,0,0,0,1
Oxford,Primitive,CVM,0,7.6,30,0,20,20,0,"(40, 40)","(250, 460)",27.1,736,8,7.062500000000001,1,0,0,0,0,1
Oxford,Primitive,CVM,0,7.6,30,0,20,20,0,"(40, 40)","(460, 40)",14.2,304,1,5.4,0,0,1,0,0,3
Oxford,Primitive,CVM,0,7.6,30,0,20,20,0,"(40, 40)","(460, 250)",19.0,561,5,6.240000000000001,0,0,1,0,0,3
Oxford,Primitive,CVM,0,7.6,30,0,20,20,0,"(40, 40)","(460, 460)",35.2,988,12,11.691666666666665,1,0,0,0,0,1
Oxford,Primitive,CVM,0,7.6,30,0,20,20,0,"(40, 250)","(40, 40)",13.7,384,3,4.066666666666666,1,0,0,0,0,1
Oxford,Primitive,CVM,0,7.6,30,0,20,20,0,"(40, 250)","(40, 460)",16.6,338,5,6.62,1,0,0,0,0,1
Oxford,Primitive,CVM,0,7.6,30,0,20,20,0,"(40, 250)","(250, 40)",21.8,628,10,5.7,1,0,0,0,0,1
Oxford,Primitive,CVM,0,7.6,30,0,20,20,0,"(40, 250)","(250, 250)",2.9000000000000004,127,1,2.0,0,0,1,0,0,3
Oxford,Primitive,CVM,0,7.6,30,0,20,20,0,"(40, 250)","(250, 460)",15.5,356,7,4.714285714285715,0,0,1,0,0,3
Oxford,Primitive,CVM,0,7.6,30,0,20,20,0,"(40, 250)","(460, 40)",2.9000000000000004,127,1,2.0,0,0,1,0,0,3
Oxford,Primitive,CVM,0,7.6,30,0,20,20,0,"(40, 250)","(460, 250)",2.9000000000000004,127,1,2.0,0,0,1,0,0,3
Oxford,Primitive,CVM,0,7.6,30,0,20,20,0,"(40, 250)","(460, 460)",10.5,310,5,3.84,0,0,1,0,0,3
Oxford,Primitive,CVM,0,7.6,30,0,20,20,0,"(40, 460)","(40, 40)",3.1,99,2,0.4,0,0,1,0,0,2
Oxford,Primitive,CVM,0,7.6,30,0,20,20,0,"(40, 460)","(40, 250)",3.1,99,2,0.4,0,0,1,0,0,2
Oxford,Primitive,CVM,0,7.6,30,0,20,20,0,"(40, 460)","(250, 40)",2.7,87,1,0.7000000000000001,0,0,1,0,0,2
Oxford,Primitive,CVM,0,7.6,30,0,20,20,0,"(40, 460)","(250, 250)",2.8000000000000003,83,1,0.8,0,0,1,0,0,2
Oxford,Primitive,CVM,0,7.6,30,0,20,20,0,"(40, 460)","(250, 460)",15.9,351,7,4.928571428571429,1,0,0,0,0,1
Oxford,Primitive,CVM,0,7.6,30,0,20,20,0,"(40, 460)","(460, 40)",2.8000000000000003,83,1,0.8,0,0,1,0,0,2
Oxford,Primitive,CVM,0,7.6,30,0,20,20,0,"(40, 460)","(460, 250)",37.2,821,23,10.030434782608696,0,0,1,0,0,2
Oxford,Primitive,CVM,0,7.6,30,0,20,20,0,"(40, 460)","(460, 460)",22.8,470,9,7.2444444444444445,0,0,0,0,1,2
Oxford,Primitive,CVM,0,7.6,30,0,20,20,0,"(250, 40)","(40, 40)",13.7,332,0,,1,0,0,0,0,1
Oxford,Primitive,CVM,0,7.6,30,0,20,20,0,"(250, 40)","(40, 250)",17.900000000000002,520,7,7.014285714285714,1,0,0,0,0,1
Oxford,Primitive,CVM,0,7.6,30,0,20,20,0,"(250, 40)","(40, 460)",28.5,840,9,12.177777777777775,1,0,0,0,0,1
Oxford,Primitive,CVM,0,7.6,30,0,20,20,0,"(250, 40)","(250, 250)",17.0,461,8,7.0375000000000005,1,0,0,0,0,1
Oxford,Primitive,CVM,0,7.6,30,0,20,20,0,"(250, 40)","(250, 460)",23.3,583,12,7.375000000000001,0,0,0,0,1,2
Oxford,Primitive,CVM,0,7.6,30,0,20,20,0,"(250, 40)","(460, 40)",9.2,208,3,3.066666666666667,0,0,0,0,1,2
Oxford,Primitive,CVM,0,7.6,30,0,20,20,0,"(250, 40)","(460, 250)",17.6,537,5,7.32,1,0,0,0,0,1
Oxford,Primitive,CVM,0,7.6,30,0,20,20,0,"(250, 40)","(460, 460)",5.0,173,0,,0,0,1,0,0,3
Oxford,Primitive,CVM,0,7.6,30,0,20,20,0,"(250, 250)","(40, 40)",16.7,547,6,8.0,1,0,0,0,0,1
Oxford,Primitive,CVM,0,7.6,30,0,20,20,0,"(250, 250)","(40, 250)",13.7,461,6,5.516666666666668,1,0,0,0,0,1
Oxford,Primitive,CVM,0,7.6,30,0,20,20,0,"(250, 250)","(40, 460)",9.8,347,3,6.9,0,0,1,0,0,3
Oxford,Primitive,CVM,0,7.6,30,0,20,20,0,"(250, 250)","(250, 40)",7.9,327,5,4.000000000000001,0,0,1,0,0,3
Oxford,Primitive,CVM,0,7.6,30,0,20,20,0,"(250, 250)","(250, 460)",14.2,432,9,6.644444444444444,1,0,0,0,0,1
Oxford,Primitive,CVM,0,7.6,30,0,20,20,0,"(250, 250)","(460, 40)",20.4,608,13,9.676923076923078,1,0,0,0,0,1
Oxford,Primitive,CVM,0,7.6,30,0,20,20,0,"(250, 250)","(460, 250)",4.9,210,2,3.0,0,0,1,0,0,2
Oxford,Primitive,CVM,0,7.6,30,0,20,20,0,"(250, 250)","(460, 460)",25.9,541,14,11.178571428571429,1,0,0,0,0,1
Oxford,Primitive,CVM,0,7.6,30,0,20,20,0,"(250, 460)","(40, 40)",13.5,410,5,7.120000000000002,0,0,1,0,0,3
Oxford,Primitive,CVM,0,7.6,30,0,20,20,0,"(250, 460)","(40, 250)",18.9,577,6,10.75,1,0,0,0,0,1
Oxford,Primitive,CVM,0,7.6,30,0,20,20,0,"(250, 460)","(40, 460)",7.0,189,2,3.25,0,0,1,0,0,3
Oxford,Primitive,CVM,0,7.6,30,0,20,20,0,"(250, 460)","(250, 40)",7.2,286,1,5.6000000000000005,0,0,1,0,0,3
Oxford,Primitive,CVM,0,7.6,30,0,20,20,0,"(250, 460)","(250, 250)",7.2,286,1,5.6000000000000005,0,0,1,0,0,3
Oxford,Primitive,CVM,0,7.6,30,0,20,20,0,"(250, 460)","(460, 40)",18.1,510,15,7.8199999999999985,0,0,1,0,0,2
Oxford,Primitive,CVM,0,7.6,30,0,20,20,0,"(250, 460)","(460, 250)",14.3,432,10,6.840000000000001,0,0,1,0,0,2
Oxford,Primitive,CVM,0,7.6,30,0,20,20,0,"(250, 460)","(460, 460)",13.8,360,8,4.0125,1,0,0,0,0,1
Oxford,Primitive,CVM,0,7.6,30,0,20,20,0,"(460, 40)","(40, 40)",19.8,305,9,5.022222222222222,0,0,1,0,0,3
Oxford,Primitive,CVM,0,7.6,30,0,20,20,0,"(460, 40)","(40, 250)",32.9,781,12,6.099999999999999,1,0,0,0,0,1
Oxford,Primitive,CVM,0,7.6,30,0,20,20,0,"(460, 40)","(40, 460)",5.2,176,3,2.166666666666667,0,0,1,0,0,2
Oxford,Primitive,CVM,0,7.6,30,0,20,20,0,"(460, 40)","(250, 40)",9.6,222,3,5.2,0,0,1,0,0,3
Oxford,Primitive,CVM,0,7.6,30,0,20,20,0,"(460, 40)","(250, 250)",5.2,176,3,2.166666666666667,0,0,1,0,0,2
Oxford,Primitive,CVM,0,7.6,30,0,20,20,0,"(460, 40)","(250, 460)",5.5,174,2,2.1500000000000004,0,0,1,0,0,3
Oxford,Primitive,CVM,0,7.6,30,0,20,20,0,"(460, 40)","(460, 250)",4.2,146,3,1.9,0,0,1,0,0,3
Oxford,Primitive,CVM,0,7.6,30,0,20,20,0,"(460, 40)","(460, 460)",4.2,146,3,1.9,0,0,1,0,0,3
Oxford,Primitive,CVM,0,7.6,30,0,20,20,0,"(460, 250)","(40, 40)",19.700000000000003,689,10,8.370000000000001,0,0,1,0,0,3
Oxford,Primitive,CVM,0,7.6,30,0,20,20,0,"(460, 250)","(40, 250)",8.3,306,3,3.0333333333333337,0,0,1,0,0,3
Oxford,Primitive,CVM,0,7.6,30,0,20,20,0,"(460, 250)","(40, 460)",29.1,655,21,8.366666666666667,0,0,1,0,0,3
Oxford,Primitive,CVM,0,7.6,30,0,20,20,0,"(460, 250)","(250, 40)",20.4,600,6,7.6833333333333345,1,0,0,0,0,1
Oxford,Primitive,CVM,0,7.6,30,0,20,20,0,"(460, 250)","(250, 250)",8.200000000000001,262,4,2.1500000000000004,0,0,1,0,0,2
Oxford,Primitive,CVM,0,7.6,30,0,20,20,0,"(460, 250)","(250, 460)",18.1,574,12,7.941666666666666,1,0,0,0,0,1
Oxford,Primitive,CVM,0,7.6,30,0,20,20,0,"(460, 250)","(460, 40)",13.2,367,3,6.333333333333333,0,0,1,0,0,3
Oxford,Primitive,CVM,0,7.6,30,0,20,20,0,"(460, 250)","(460, 460)",12.1,321,4,4.175000000000001,0,0,1,0,0,3
Oxford,Primitive,CVM,0,7.6,30,0,20,20,0,"(460, 460)","(40, 40)",5.800000000000001,226,3,0.5666666666666668,0,0,1,0,0,2
Oxford,Primitive,CVM,0,7.6,30,0,20,20,0,"(460, 460)","(40, 250)",5.800000000000001,236,2,0.8,0,0,1,0,0,3
Oxford,Primitive,CVM,0,7.6,30,0,20,20,0,"(460, 460)","(40, 460)",19.5,408,10,6.250000000000001,0,0,1,0,0,3
Oxford,Primitive,CVM,0,7.6,30,0,20,20,0,"(460, 460)","(250, 40)",36.1,877,21,7.514285714285715,1,0,0,0,0,1
Oxford,Primitive,CVM,0,7.6,30,0,20,20,0,"(460, 460)","(250, 250)",5.800000000000001,226,3,0.5666666666666668,0,0,1,0,0,2
Oxford,Primitive,CVM,0,7.6,30,0,20,20,0,"(460, 460)","(250, 460)",14.1,347,10,3.97,1,0,0,0,0,1
Oxford,Primitive,CVM,0,7.6,30,0,20,20,0,"(460, 460)","(460, 40)",29.5,597,7,10.142857142857142,1,0,0,0,0,1
Oxford,Primitive,CVM,0,7.6,30,0,20,20,0,"(460, 460)","(460, 250)",13.7,353,5,6.08,1,0,0,0,0,1
Oxford,Primitive,CVM,0,7.6,30,0,20,40,0,"(40, 40)","(40, 250)",11.0,314,4,2.5500000000000003,0,0,1,0,0,3
Oxford,Primitive,CVM,0,7.6,30,0,20,40,0,"(40, 40)","(40, 460)",11.0,397,5,2.6,0,0,1,0,0,2
Oxford,Primitive,CVM,0,7.6,30,0,20,40,0,"(40, 40)","(250, 40)",7.6,333,2,2.2,1,0,0,0,0,1
Oxford,Primitive,CVM,0,7.6,30,0,20,40,0,"(40, 40)","(250, 250)",12.6,445,2,5.2,1,0,0,0,0,1
Oxford,Primitive,CVM,0,7.6,30,0,20,40,0,"(40, 40)","(250, 460)",15.2,526,8,3.9875,0,0,1,0,0,3
Oxford,Primitive,CVM,0,7.6,30,0,20,40,0,"(40, 40)","(460, 40)",21.8,547,8,6.7875,1,0,0,0,0,1
Oxford,Primitive,CVM,0,7.6,30,0,20,40,0,"(40, 40)","(460, 250)",7.6,350,2,2.4,0,0,1,0,0,2
Oxford,Primitive,CVM,0,7.6,30,0,20,40,0,"(40, 40)","(460, 460)",27.9,876,6,10.883333333333336,1,0,0,0,0,1
Oxford,Primitive,CVM,0,7.6,30,0,20,40,0,"(40, 250)","(40, 40)",8.0,295,1,4.0,1,0,0,0,0,1
Oxford,Primitive,CVM,0,7.6,30,0,20,40,0,"(40, 250)","(40, 460)",7.7,260,2,3.45,0,0,1,0,0,2
Oxford,Primitive,CVM,0,7.6,30,0,20,40,0,"(40, 250)","(250, 40)",23.4,539,10,7.0600000000000005,0,0,1,0,0,3
Oxford,Primitive,CVM,0,7.6,30,0,20,40,0,"(40, 250)","(250, 250)",2.5,113,0,,0,0,1,0,0,3
Oxford,Primitive,CVM,0,7.6,30,0,20,40,0,"(40, 250)","(250, 460)",11.6,415,7,3.8285714285714287,0,0,1,0,0,2
Oxford,Primitive,CVM,0,7.6,30,0,20,40,0,"(40, 250)","(460, 40)",2.5,132,1,1.6,0,0,1,0,0,3
Oxford,Primitive,CVM,0,7.6,30,0,20,40,0,"(40, 250)","(460, 250)",2.5,113,0,,0,0,1,0,0,3
Oxford,Primitive,CVM,0,7.6,30,0,20,40,0,"(40, 250)","(460, 460)",2.5,113,0,,0,0,1,0,0,3
Oxford,Primitive,CVM,0,7.6,30,0,20,40,0,"(40, 460)","(40, 40)",2.0,74,0,,0,0,1,0,0,3
Oxford,Primitive,CVM,0,7.6,30,0,20,40,0,"(40, 460)","(40, 250)",2.0,74,0,,0,0,1,0,0,3
Oxford,Primitive,CVM,0,7.6,30,0,20,40,0,"(40, 460)","(250, 40)",2.0,74,0,,0,0,1,0,0,3
Oxford,Primitive,CVM,0,7.6,30,0,20,40,0,"(40, 460)","(250, 250)",8.700000000000001,296,2,2.8500000000000005,0,0,1,0,0,3
Oxford,Primitive,CVM,0,7.6,30,0,20,40,0,"(40, 460)","(250, 460)",10.6,248,3,4.800000000000001,1,0,0,0,0,1
Oxford,Primitive,CVM,0,7.6,30,0,20,40,0,"(40, 460)","(460, 40)",29.0,830,15,10.746666666666668,1,0,0,0,0,1
Oxford,Primitive,CVM,0,7.6,30,0,20,40,0,"(40, 460)","(460, 250)",11.7,398,9,4.533333333333334,0,0,0,0,1,2
Oxford,Primitive,CVM,0,7.6,30,0,20,40,0,"(40, 460)","(460, 460)",16.3,467,9,5.866666666666667,0,0,1,0,0,2
Oxford,Primitive,CVM,0,7.6,30,0,20,40,0,"(250, 40)","(40, 40)",8.0,290,1,6.300000000000001,1,0,0,0,0,1
Oxford,Primitive,CVM,0,7.6,30,0,20,40,0,"(250, 40)","(40, 250)",10.7,452,5,2.6800000000000006,0,0,1,0,0,2
Oxford,Primitive,CVM,0,7.6,30,0,20,40,0,"(250, 40)","(40, 460)",11.8,435,5,4.2,0,0,0,0,1,2
Oxford,Primitive,CVM,0,7.6,30,0,20,40,0,"(250, 40)","(250, 250)",12.5,367,4,5.675,1,0,0,0,0,1
Oxford,Primitive,CVM,0,7.6,30,0,20,40,0,"(250, 40)","(250, 460)",9.5,368,4,2.825,0,0,1,0,0,2
Oxford,Primitive,CVM,0,7.6,30,0,20,40,0,"(250, 40)","(460, 40)",9.3,318,3,3.1666666666666665,0,0,1,0,0,3
Oxford,Primitive,CVM,0,7.6,30,0,20,40,0,"(250, 40)","(460, 250)",4.4,186,2,1.7500000000000002,0,0,0,0,1,2
Oxford,Primitive,CVM,0,7.6,30,0,20,40,0,"(250, 40)","(460, 460)",19.8,692,11,9.472727272727273,0,0,1,0,0,3
Oxford,Primitive,CVM,0,7.6,30,0,20,40,0,"(250, 250)","(40, 40)",14.5,497,1,9.4,1,0,0,0,0,1
Oxford,Primitive,CVM,0,7.6,30,0,20,40,0,"(250, 250)","(40, 250)",12.3,357,6,5.266666666666667,1,0,0,0,0,1
Oxford,Primitive,CVM,0,7.6,30,0,20,40,0,"(250, 250)","(40, 460)",10.4,433,5,6.0600000000000005,1,0,0,0,0,1
Oxford,Primitive,CVM,0,7.6,30,0,20,40,0,"(250, 250)","(250, 40)",9.4,483,5,6.6800000000000015,1,0,0,0,0,1
Oxford,Primitive,CVM,0,7.6,30,0,20,40,0,"(250, 250)","(250, 460)",4.3,166,4,2.225,0,0,0,0,1,2
Oxford,Primitive,CVM,0,7.6,30,0,20,40,0,"(250, 250)","(460, 40)",3.2,192,1,3.2,0,0,1,0,0,3
Oxford,Primitive,CVM,0,7.6,30,0,20,40,0,"(250, 250)","(460, 250)",7.6,366,2,6.0,1,0,0,0,0,1
Oxford,Primitive,CVM,0,7.6,30,0,20,40,0,"(250, 250)","(460, 460)",13.0,479,16,5.90625,0,0,1,0,0,3
Oxford,Primitive,CVM,0,7.6,30,0,20,40,0,"(250, 460)","(40, 40)",3.9,211,0,,0,0,1,0,0,3
Oxford,Primitive,CVM,0,7.6,30,0,20,40,0,"(250, 460)","(40, 250)",11.4,465,5,5.040000000000001,0,0,1,0,0,3
Oxford,Primitive,CVM,0,7.6,30,0,20,40,0,"(250, 460)","(40, 460)",14.2,470,6,5.766666666666667,0,0,1,0,0,2
Oxford,Primitive,CVM,0,7.6,30,0,20,40,0,"(250, 460)","(250, 40)",24.0,845,14,10.414285714285716,1,0,0,0,0,1
Oxford,Primitive,CVM,0,7.6,30,0,20,40,0,"(250, 460)","(250, 250)",8.0,384,5,4.4,1,0,0,0,0,1
Oxford,Primitive,CVM,0,7.6,30,0,20,40,0,"(250, 460)","(460, 40)",9.3,447,8,4.4625,0,0,1,0,0,3
Oxford,Primitive,CVM,0,7.6,30,0,20,40,0,"(250, 460)","(460, 250)",18.4,465,14,7.964285714285716,1,0,0,0,0,1
Oxford,Primitive,CVM,0,7.6,30,0,20,40,0,"(250, 460)","(460, 460)",8.200000000000001,218,3,3.2000000000000006,0,0,1,0,0,3
Oxford,Primitive,CVM,0,7.6,30,0,20,40,0,"(460, 40)","(40, 40)",6.5,173,2,4.0,0,0,1,0,0,3
Oxford,Primitive,CVM,0,7.6,30,0,20,40,0,"(460, 40)","(40, 250)",14.6,560,5,7.140000000000001,0,0,1,0,0,3
Oxford,Primitive,CVM,0,7.6,30,0,20,40,0,"(460, 40)","(40, 460)",9.1,391,6,2.966666666666667,0,0,1,0,0,3
Oxford,Primitive,CVM,0,7.6,30,0,20,40,0,"(460, 40)","(250, 40)",6.5,173,2,4.0,0,0,1,0,0,3
Oxford,Primitive,CVM,0,7.6,30,0,20,40,0,"(460, 40)","(250, 250)",16.400000000000002,552,7,5.828571428571428,1,0,0,0,0,1
Oxford,Primitive,CVM,0,7.6,30,0,20,40,0,"(460, 40)","(250, 460)",9.3,390,8,3.5875000000000004,0,0,1,0,0,3
Oxford,Primitive,CVM,0,7.6,30,0,20,40,0,"(460, 40)","(460, 250)",3.8,149,3,1.4666666666666668,0,0,1,0,0,3
Oxford,Primitive,CVM,0,7.6,30,0,20,40,0,"(460, 40)","(460, 460)",3.8,149,3,1.4666666666666668,0,0,1,0,0,3
Oxford,Primitive,CVM,0,7.6,30,0,20,40,0,"(460, 250)","(40, 40)",17.7,703,7,9.914285714285716,1,0,0,0,0,1
Oxford,Primitive,CVM,0,7.6,30,0,20,40,0,"(460, 250)","(40, 250)",5.5,228,3,3.066666666666667,0,0,1,0,0,3
Oxford,Primitive,CVM,0,7.6,30,0,20,40,0,"(460, 250)","(40, 460)",22.1,782,14,9.628571428571428,1,0,0,0,0,1
Oxford,Primitive,CVM,0,7.6,30,0,20,40,0,"(460, 250)","(250, 40)",11.1,466,7,5.828571428571429,1,0,0,0,0,1
Oxford,Primitive,CVM,0,7.6,30,0,20,40,0,"(460, 250)","(250, 250)",5.6000000000000005,233,3,3.1666666666666665,0,0,1,0,0,3
Oxford,Primitive,CVM,0,7.6,30,0,20,40,0,"(460, 250)","(250, 460)",22.8,611,19,8.294736842105262,1,0,0,0,0,1
Oxford,Primitive,CVM,0,7.6,30,0,20,40,0,"(460, 250)","(460, 40)",3.9,223,2,0.9,0,0,0,0,1,2
Oxford,Primitive,CVM,0,7.6,30,0,20,40,0,"(460, 250)","(460, 460)",7.5,307,7,3.042857142857144,1,0,0,0,0,1
Oxford,Primitive,CVM,0,7.6,30,0,20,40,0,"(460, 460)","(40, 40)",22.4,789,18,8.9,0,0,1,0,0,3
Oxford,Primitive,CVM,0,7.6,30,0,20,40,0,"(460, 460)","(40, 250)",19.700000000000003,689,17,7.741176470588235,1,0,0,0,0,1
Oxford,Primitive,CVM,0,7.6,30,0,20,40,0,"(460, 460)","(40, 460)",3.8,140,2,0.55,0,0,0,0,1,2
Oxford,Primitive,CVM,0,7.6,30,0,20,40,0,"(460, 460)","(250, 40)",5.0,237,5,1.58,0,0,1,0,0,2
Oxford,Primitive,CVM,0,7.6,30,0,20,40,0,"(460, 460)","(250, 250)",9.1,340,8,4.9125000000000005,0,0,1,0,0,3
Oxford,Primitive,CVM,0,7.6,30,0,20,40,0,"(460, 460)","(250, 460)",3.8,140,2,0.55,0,0,0,0,1,2
Oxford,Primitive,CVM,0,7.6,30,0,20,40,0,"(460, 460)","(460, 40)",18.5,612,8,5.5875,1,0,0,0,0,1
Oxford,Primitive,CVM,0,7.6,30,0,20,40,0,"(460, 460)","(460, 250)",8.0,328,3,4.333333333333333,1,0,0,0,0,1
Oxford,Primitive,CVM,0,7.6,30,0,20,60,0,"(40, 40)","(40, 250)",6.6000000000000005,259,3,1.8,0,0,1,0,0,2
Oxford,Primitive,CVM,0,7.6,30,0,20,60,0,"(40, 40)","(40, 460)",12.8,518,7,4.285714285714286,1,0,0,0,0,1
Oxford,Primitive,CVM,0,7.6,30,0,20,60,0,"(40, 40)","(250, 40)",5.300000000000001,241,1,2.2,1,0,0,0,0,1
Oxford,Primitive,CVM,0,7.6,30,0,20,60,0,"(40, 40)","(250, 250)",8.5,417,3,4.000000000000001,1,0,0,0,0,1
Oxford,Primitive,CVM,0,7.6,30,0,20,60,0,"(40, 40)","(250, 460)",12.9,650,9,4.0,1,0,0,0,0,1
Oxford,Primitive,CVM,0,7.6,30,0,20,60,0,"(40, 40)","(460, 40)",8.8,463,7,3.128571428571429,1,0,0,0,0,1
Oxford,Primitive,CVM,0,7.6,30,0,20,60,0,"(40, 40)","(460, 250)",9.6,565,3,4.866666666666667,1,0,0,0,0,1
Oxford,Primitive,CVM,0,7.6,30,0,20,60,0,"(40, 40)","(460, 460)",15.7,826,8,8.100000000000001,0,0,1,0,0,3
Oxford,Primitive,CVM,0,7.6,30,0,20,60,0,"(40, 250)","(40, 40)",4.800000000000001,282,1,4.0,1,0,0,0,0,1
Oxford,Primitive,CVM,0,7.6,30,0,20,60,0,"(40, 250)","(40, 460)",6.2,242,2,3.75,1,0,0,0,0,1
Oxford,Primitive,CVM,0,7.6,30,0,20,60,0,"(40, 250)","(250, 40)",6.9,458,3,3.2,1,0,0,0,0,1
Oxford,Primitive,CVM,0,7.6,30,0,20,60,0,"(40, 250)","(250, 250)",2.0,106,1,1.1,0,0,1,0,0,3
Oxford,Primitive,CVM,0,7.6,30,0,20,60,0,"(40, 250)","(250, 460)",8.3,442,8,3.2875,1,0,0,0,0,1
Oxford,Primitive,CVM,0,7.6,30,0,20,60,0,"(40, 250)","(460, 40)",10.6,621,9,4.122222222222223,1,0,0,0,0,1
Oxford,Primitive,CVM,0,7.6,30,0,20,60,0,"(40, 250)","(460, 250)",2.0,106,1,1.1,0,0,1,0,0,3
Oxford,Primitive,CVM,0,7.6,30,0,20,60,0,"(40, 250)","(460, 460)",10.9,512,11,5.172727272727273,0,0,1,0,0,3
Oxford,Primitive,CVM,0,7.6,30,0,20,60,0,"(40, 460)","(40, 40)",1.9,72,0,,0,0,1,0,0,3
Oxford,Primitive,CVM,0,7.6,30,0,20,60,0,"(40, 460)","(40, 250)",1.9,72,0,,0,0,1,0,0,3
Oxford,Primitive,CVM,0,7.6,30,0,20,60,0,"(40, 460)","(250, 40)",1.8,98,1,0.4,0,0,1,0,0,3
Oxford,Primitive,CVM,0,7.6,30,0,20,60,0,"(40, 460)","(250, 250)",11.7,468,8,4.5875,1,0,0,0,0,1
Oxford,Primitive,CVM,0,7.6,30,0,20,60,0,"(40, 460)","(250, 460)",3.7,231,4,1.1,0,0,1,0,0,2
Oxford,Primitive,CVM,0,7.6,30,0,20,60,0,"(40, 460)","(460, 40)",18.6,767,14,6.107142857142857,0,0,1,0,0,2
Oxford,Primitive,CVM,0,7.6,30,0,20,60,0,"(40, 460)","(460, 250)",2.5,134,2,0.55,0,0,1,0,0,2
Oxford,Primitive,CVM,0,7.6,30,0,20,60,0,"(40, 460)","(460, 460)",3.7,231,4,1.1,0,0,1,0,0,2
Oxford,Primitive,CVM,0,7.6,30,0,20,60,0,"(250, 40)","(40, 40)",4.800000000000001,285,1,3.3000000000000003,1,0,0,0,0,1
Oxford,Primitive,CVM,0,7.6,30,0,20,60,0,"(250, 40)","(40, 250)",7.300000000000001,395,4,2.45,0,0,1,0,0,2
Oxford,Primitive,CVM,0,7.6,30,0,20,60,0,"(250, 40)","(40, 460)",14.3,628,8,5.7125,1,0,0,0,0,1
Oxford,Primitive,CVM,0,7.6,30,0,20,60,0,"(250, 40)","(250, 250)",4.800000000000001,264,1,3.5,1,0,0,0,0,1
Oxford,Primitive,CVM,0,7.6,30,0,20,60,0,"(250, 40)","(250, 460)",5.7,307,2,2.6,0,0,1,0,0,2
Oxford,Primitive,CVM,0,7.6,30,0,20,60,0,"(250, 40)","(460, 40)",4.9,251,5,1.44,0,0,1,0,0,2
Oxford,Primitive,CVM,0,7.6,30,0,20,60,0,"(250, 40)","(460, 250)",7.4,428,7,3.314285714285714,1,0,0,0,0,1
Oxford,Primitive,CVM,0,7.6,30,0,20,60,0,"(250, 40)","(460, 460)",11.7,636,11,4.60909090909091,0,0,1,0,0,2
Oxford,Primitive,CVM,0,7.6,30,0,20,60,0,"(250, 250)","(40, 40)",6.9,430,1,6.9,1,0,0,0,0,1
Oxford,Primitive,CVM,0,7.6,30,0,20,60,0,"(250, 250)","(40, 250)",5.0,327,2,3.85,0,0,1,0,0,3
Oxford,Primitive,CVM,0,7.6,30,0,20,60,0,"(250, 250)","(40, 460)",7.1000000000000005,397,6,3.5,1,0,0,0,0,1
Oxford,Primitive,CVM,0,7.6,30,0,20,60,0,"(250, 250)","(250, 40)",4.2,278,5,2.3,0,0,1,0,0,3
Oxford,Primitive,CVM,0,7.6,30,0,20,60,0,"(250, 250)","(250, 460)",7.9,307,6,4.716666666666667,1,0,0,0,0,1
Oxford,Primitive,CVM,0,7.6,30,0,20,60,0,"(250, 250)","(460, 40)",2.6,170,1,2.6,0,0,1,0,0,3
Oxford,Primitive,CVM,0,7.6,30,0,20,60,0,"(250, 250)","(460, 250)",4.800000000000001,253,2,3.2,1,0,0,0,0,1
Oxford,Primitive,CVM,0,7.6,30,0,20,60,0,"(250, 250)","(460, 460)",9.1,348,9,5.833333333333333,1,0,0,0,0,1
Oxford,Primitive,CVM,0,7.6,30,0,20,60,0,"(250, 460)","(40, 40)",3.1,220,2,0.75,0,0,1,0,0,3
Oxford,Primitive,CVM,0,7.6,30,0,20,60,0,"(250, 460)","(40, 250)",6.7,411,6,3.1,1,0,0,0,0,1
Oxford,Primitive,CVM,0,7.6,30,0,20,60,0,"(250, 460)","(40, 460)",2.3000000000000003,101,1,0.3,0,0,1,0,0,2
Oxford,Primitive,CVM,0,7.6,30,0,20,60,0,"(250, 460)","(250, 40)",13.6,743,7,7.542857142857144,1,0,0,0,0,1
Oxford,Primitive,CVM,0,7.6,30,0,20,60,0,"(250, 460)","(250, 250)",4.800000000000001,338,3,2.266666666666667,1,0,0,0,0,1
Oxford,Primitive,CVM,0,7.6,30,0,20,60,0,"(250, 460)","(460, 40)",7.300000000000001,459,6,5.166666666666667,0,0,1,0,0,3
Oxford,Primitive,CVM,0,7.6,30,0,20,60,0,"(250, 460)","(460, 250)",12.0,581,11,5.890909090909092,1,0,0,0,0,1
Oxford,Primitive,CVM,0,7.6,30,0,20,60,0,"(250, 460)","(460, 460)",3.3000000000000003,245,3,0.7000000000000001,0,0,1,0,0,2
Oxford,Primitive,CVM,0,7.6,30,0,20,60,0,"(460, 40)","(40, 40)",11.3,623,5,5.840000000000001,1,0,0,0,0,1
Oxford,Primitive,CVM,0,7.6,30,0,20,60,0,"(460, 40)","(40, 250)",12.5,694,12,5.233333333333333,1,0,0,0,0,1
Oxford,Primitive,CVM,0,7.6,30,0,20,60,0,"(460, 40)","(40, 460)",13.5,752,8,7.649999999999999,1,0,0,0,0,1
Oxford,Primitive,CVM,0,7.6,30,0,20,60,0,"(460, 40)","(250, 40)",7.4,288,4,3.375,1,0,0,0,0,1
Oxford,Primitive,CVM,0,7.6,30,0,20,60,0,"(460, 40)","(250, 250)",7.300000000000001,432,6,4.216666666666666,1,0,0,0,0,1
Oxford,Primitive,CVM,0,7.6,30,0,20,60,0,"(460, 40)","(250, 460)",3.3000000000000003,204,4,1.6750000000000005,0,0,1,0,0,2
Oxford,Primitive,CVM,0,7.6,30,0,20,60,0,"(460, 40)","(460, 250)",8.4,362,4,4.55,1,0,0,0,0,1
Oxford,Primitive,CVM,0,7.6,30,0,20,60,0,"(460, 40)","(460, 460)",13.7,615,15,5.126666666666666,0,0,1,0,0,3
Oxford,Primitive,CVM,0,7.6,30,0,20,60,0,"(460, 250)","(40, 40)",10.1,555,6,7.400000000000001,1,0,0,0,0,1
Oxford,Primitive,CVM,0,7.6,30,0,20,60,0,"(460, 250)","(40, 250)",10.2,631,11,4.9363636363636365,1,0,0,0,0,1
Oxford,Primitive,CVM,0,7.6,30,0,20,60,0,"(460, 250)","(40, 460)",12.7,630,11,5.045454545454546,0,0,1,0,0,2
Oxford,Primitive,CVM,0,7.6,30,0,20,60,0,"(460, 250)","(250, 40)",7.1000000000000005,422,7,3.871428571428571,1,0,0,0,0,1
Oxford,Primitive,CVM,0,7.6,30,0,20,60,0,"(460, 250)","(250, 250)",8.6,401,9,4.044444444444444,0,0,1,0,0,2
Oxford,Primitive,CVM,0,7.6,30,0,20,60,0,"(460, 250)","(250, 460)",3.8,215,6,1.4333333333333331,0,0,1,0,0,2
Oxford,Primitive,CVM,0,7.6,30,0,20,60,0,"(460, 250)","(460, 40)",6.1000000000000005,357,5,2.06,0,0,1,0,0,3
Oxford,Primitive,CVM,0,7.6,30,0,20,60,0,"(460, 250)","(460, 460)",4.800000000000001,242,2,1.75,1,0,0,0,0,1
Oxford,Primitive,CVM,0,7.6,30,0,20,60,0,"(460, 460)","(40, 40)",4.1000000000000005,227,5,1.94,0,0,1,0,0,3
Oxford,Primitive,CVM,0,7.6,30,0,20,60,0,"(460, 460)","(40, 250)",16.6,685,13,8.053846153846154,1,0,0,0,0,1
Oxford,Primitive,CVM,0,7.6,30,0,20,60,0,"(460, 460)","(40, 460)",5.6000000000000005,284,7,2.6142857142857148,0,0,0,0,1,2
Oxford,Primitive,CVM,0,7.6,30,0,20,60,0,"(460, 460)","(250, 40)",10.4,600,12,5.9,1,0,0,0,0,1
Oxford,Primitive,CVM,0,7.6,30,0,20,60,0,"(460, 460)","(250, 250)",4.1000000000000005,227,5,1.94,0,0,1,0,0,3
Oxford,Primitive,CVM,0,7.6,30,0,20,60,0,"(460, 460)","(250, 460)",3.9,195,5,1.4600000000000002,0,0,1,0,0,2
Oxford,Primitive,CVM,0,7.6,30,0,20,60,0,"(460, 460)","(460, 40)",10.1,496,8,4.6875,1,0,0,0,0,1
Oxford,Primitive,CVM,0,7.6,30,0,20,60,0,"(460, 460)","(460, 250)",4.800000000000001,321,3,1.9666666666666668,1,0,0,0,0,1
