Method,Planner,Map ID,Number of agents,Number of pillars,Agent speed,Drone speed,Depth variance,Flight time,Grid discovered,Agent tracked,Agent tracked time,Success,Static Collision,Dynamic Collision,Freezing,Dead Lock
LookAhead,Primitive,0,10,10,20,60,5,11.8,714,0,,1,0,0,0,0
LookAhead,Primitive,1,10,10,20,60,5,5.6000000000000005,329,2,2.2,0,0,1,0,0
LookAhead,Primitive,2,10,10,20,60,5,15.8,738,2,7.25,1,0,0,0,0
LookAhead,Primitive,3,10,10,20,60,5,6.9,422,1,1.2000000000000002,0,0,1,0,0
LookAhead,Primitive,4,10,10,20,60,5,13.0,740,6,3.9666666666666655,1,0,0,0,0
LookAhead,Primitive,5,10,10,20,60,5,12.7,736,2,5.75,1,0,0,0,0
LookAhead,Primitive,6,10,10,20,60,5,12.7,707,2,4.45,1,0,0,0,0
LookAhead,Primitive,7,10,10,20,60,5,1.5,75,1,1.5,0,0,1,0,0
LookAhead,Primitive,8,10,10,20,60,5,12.6,715,2,4.300000000000001,1,0,0,0,0
LookAhead,Primitive,9,10,10,20,60,5,12.6,704,4,4.075,1,0,0,0,0
LookAhead,Primitive,10,10,10,20,60,5,14.9,756,4,5.45,1,0,0,0,0
LookAhead,Primitive,11,10,10,20,60,5,4.3,210,3,3.266666666666667,0,0,1,0,0
LookAhead,Primitive,12,10,10,20,60,5,13.9,749,4,5.4,1,0,0,0,0
LookAhead,Primitive,13,10,10,20,60,5,13.5,721,3,5.433333333333334,1,0,0,0,0
LookAhead,Primitive,14,10,10,20,60,5,9.4,488,2,5.050000000000001,0,0,1,0,1
LookAhead,Primitive,15,10,10,20,60,5,12.2,654,2,3.75,1,0,0,0,0
LookAhead,Primitive,16,10,10,20,60,5,12.4,704,6,4.500000000000001,1,0,0,0,0
LookAhead,Primitive,17,10,10,20,60,5,10.9,635,3,2.333333333333333,0,0,1,0,0
LookAhead,Primitive,18,10,10,20,60,5,13.2,696,5,4.760000000000001,1,0,0,0,0
LookAhead,Primitive,19,10,10,20,60,5,12.1,687,3,6.266666666666667,1,0,0,0,0
LookAhead,Primitive,20,10,10,20,60,5,11.7,680,3,6.2,1,0,0,0,0
LookAhead,Primitive,21,10,10,20,60,5,12.7,688,0,,1,0,0,0,0
LookAhead,Primitive,22,10,10,20,60,5,11.2,556,5,2.9,0,0,1,0,0
LookAhead,Primitive,23,10,10,20,60,5,11.3,507,2,4.25,0,0,1,0,0
LookAhead,Primitive,24,10,10,20,60,5,3.7,208,3,1.5333333333333332,0,0,1,0,0
LookAhead,Primitive,25,10,10,20,60,5,11.9,691,4,4.625,1,0,0,0,0
LookAhead,Primitive,26,10,10,20,60,5,2.2,114,1,2.2,0,0,1,0,0
LookAhead,Primitive,27,10,10,20,60,5,2.9000000000000004,145,1,1.3,0,0,1,0,0
LookAhead,Primitive,28,10,10,20,60,5,12.9,692,2,5.0,1,0,0,0,0
LookAhead,Primitive,29,10,10,20,60,5,11.2,702,1,7.2,1,0,0,0,0
LookAhead,Primitive,30,10,10,20,60,5,13.1,725,3,5.366666666666667,1,0,0,0,0
LookAhead,Primitive,31,10,10,20,60,5,3.2,161,1,1.4,0,0,1,0,0
LookAhead,Primitive,32,10,10,20,60,5,11.7,693,0,,1,0,0,0,0
LookAhead,Primitive,33,10,10,20,60,5,11.6,689,2,2.95,1,0,0,0,0
LookAhead,Primitive,34,10,10,20,60,5,13.6,757,3,6.633333333333334,1,0,0,0,0
LookAhead,Primitive,35,10,10,20,60,5,2.0,99,1,2.0,0,0,1,0,0
LookAhead,Primitive,36,10,10,20,60,5,0.7000000000000001,66,1,0.4,0,0,1,0,0
LookAhead,Primitive,37,10,10,20,60,5,16.2,679,4,5.050000000000001,1,0,0,0,0
LookAhead,Primitive,38,10,10,20,60,5,0.2,33,1,0.2,0,0,1,0,0
LookAhead,Primitive,39,10,10,20,60,5,14.2,755,6,4.033333333333333,0,0,1,0,0
LookAhead,Primitive,40,10,10,20,60,5,12.5,692,3,5.533333333333334,1,0,0,0,0
LookAhead,Primitive,41,10,10,20,60,5,14.1,720,3,5.066666666666667,1,0,0,0,0
LookAhead,Primitive,42,10,10,20,60,5,12.2,690,1,6.300000000000001,1,0,0,0,0
LookAhead,Primitive,43,10,10,20,60,5,6.800000000000001,411,2,1.75,0,0,1,0,0
LookAhead,Primitive,44,10,10,20,60,5,18.0,804,3,5.833333333333333,1,0,0,0,0
LookAhead,Primitive,45,10,10,20,60,5,7.300000000000001,438,2,2.25,0,0,1,0,0
LookAhead,Primitive,46,10,10,20,60,5,11.8,678,4,4.75,1,0,0,0,0
LookAhead,Primitive,47,10,10,20,60,5,13.3,761,3,5.733333333333334,1,0,0,0,0
LookAhead,Primitive,48,10,10,20,60,5,16.8,870,5,5.780000000000001,1,0,0,0,0
LookAhead,Primitive,49,10,10,20,60,5,12.6,723,3,7.133333333333333,1,0,0,0,0
LookAhead,Primitive,50,10,10,20,60,5,12.9,711,5,4.880000000000001,1,0,0,0,0
LookAhead,Primitive,51,10,10,20,60,5,1.2000000000000002,60,1,1.2000000000000002,0,0,1,0,0
LookAhead,Primitive,52,10,10,20,60,5,6.6000000000000005,398,2,3.3000000000000003,0,0,1,0,0
LookAhead,Primitive,53,10,10,20,60,5,9.0,507,2,3.3500000000000005,0,0,1,0,0
LookAhead,Primitive,54,10,10,20,60,5,12.0,669,3,4.2,0,0,1,0,0
LookAhead,Primitive,55,10,10,20,60,5,12.4,680,4,3.9,1,0,0,0,0
LookAhead,Primitive,56,10,10,20,60,5,7.1000000000000005,401,3,2.8000000000000003,0,0,1,0,0
LookAhead,Primitive,57,10,10,20,60,5,16.6,833,5,6.04,1,0,0,0,0
LookAhead,Primitive,58,10,10,20,60,5,9.7,557,3,2.0,0,0,1,0,0
LookAhead,Primitive,59,10,10,20,60,5,16.0,862,3,7.2,1,0,0,0,0
LookAhead,Primitive,0,10,10,40,60,5,8.6,508,1,1.5,0,0,1,0,0
LookAhead,Primitive,1,10,10,40,60,5,13.1,723,3,4.933333333333335,1,0,0,0,0
LookAhead,Primitive,2,10,10,40,60,5,14.7,746,3,3.5333333333333337,1,0,0,0,0
LookAhead,Primitive,3,10,10,40,60,5,13.4,776,5,4.720000000000001,1,0,0,0,0
LookAhead,Primitive,4,10,10,40,60,5,4.3,243,1,1.1,0,0,1,0,0
LookAhead,Primitive,5,10,10,40,60,5,11.7,712,1,4.1000000000000005,1,0,0,0,0
LookAhead,Primitive,6,10,10,40,60,5,12.7,708,2,3.05,1,0,0,0,0
LookAhead,Primitive,7,10,10,40,60,5,15.6,753,4,5.25,1,0,0,0,0
LookAhead,Primitive,8,10,10,40,60,5,16.5,802,2,5.3500000000000005,1,0,0,0,0
LookAhead,Primitive,9,10,10,40,60,5,13.5,718,4,4.65,1,0,0,0,0
LookAhead,Primitive,10,10,10,40,60,5,11.8,650,1,4.6000000000000005,1,0,0,0,0
LookAhead,Primitive,11,10,10,40,60,5,2.7,147,4,1.975,0,0,1,0,0
LookAhead,Primitive,12,10,10,40,60,5,2.5,123,2,1.85,0,0,1,0,0
LookAhead,Primitive,13,10,10,40,60,5,11.7,693,2,6.1,1,0,0,0,0
LookAhead,Primitive,14,10,10,40,60,5,5.4,311,2,3.4000000000000004,0,0,1,0,0
LookAhead,Primitive,15,10,10,40,60,5,12.2,657,0,,1,0,0,0,0
LookAhead,Primitive,16,10,10,40,60,5,9.9,597,4,3.85,0,0,1,0,0
LookAhead,Primitive,17,10,10,40,60,5,12.9,705,1,5.300000000000001,1,0,0,0,0
LookAhead,Primitive,18,10,10,40,60,5,14.3,752,3,4.733333333333333,1,0,0,0,0
LookAhead,Primitive,19,10,10,40,60,5,12.1,693,1,5.6000000000000005,1,0,0,0,0
LookAhead,Primitive,20,10,10,40,60,5,5.9,345,2,0.65,0,0,1,0,0
LookAhead,Primitive,21,10,10,40,60,5,13.6,697,3,5.7,1,0,0,0,0
LookAhead,Primitive,22,10,10,40,60,5,12.0,671,2,2.5500000000000003,1,0,1,0,0
LookAhead,Primitive,23,10,10,40,60,5,12.0,681,3,4.866666666666667,1,0,0,0,0
LookAhead,Primitive,24,10,10,40,60,5,11.7,688,3,4.8,1,0,0,0,0
LookAhead,Primitive,25,10,10,40,60,5,1.2000000000000002,72,1,1.2000000000000002,0,0,1,0,0
LookAhead,Primitive,26,10,10,40,60,5,12.6,735,3,5.1000000000000005,1,0,0,0,0
LookAhead,Primitive,27,10,10,40,60,5,14.6,718,5,2.9000000000000004,1,0,0,0,0
LookAhead,Primitive,28,10,10,40,60,5,13.8,723,7,3.4142857142857146,1,0,0,0,0
LookAhead,Primitive,29,10,10,40,60,5,9.8,629,3,2.566666666666667,0,0,1,0,0
LookAhead,Primitive,30,10,10,40,60,5,12.5,686,1,2.7,1,0,0,0,0
LookAhead,Primitive,31,10,10,40,60,5,12.9,661,4,5.3,1,0,0,0,0
LookAhead,Primitive,32,10,10,40,60,5,20.0,786,3,6.400000000000001,1,0,0,0,0
LookAhead,Primitive,33,10,10,40,60,5,10.5,561,3,2.8666666666666667,0,0,1,0,0
LookAhead,Primitive,34,10,10,40,60,5,6.5,342,5,3.4800000000000004,0,0,1,0,0
LookAhead,Primitive,35,10,10,40,60,5,12.8,698,5,4.540000000000001,1,0,0,0,0
LookAhead,Primitive,36,10,10,40,60,5,0.5,54,1,0.3,0,0,1,0,0
LookAhead,Primitive,37,10,10,40,60,5,0.6000000000000001,56,1,0.6000000000000001,0,0,1,0,0
LookAhead,Primitive,38,10,10,40,60,5,0.1,24,1,0.1,0,0,1,0,0
LookAhead,Primitive,39,10,10,40,60,5,1.7000000000000002,89,2,0.85,0,0,1,0,0
LookAhead,Primitive,40,10,10,40,60,5,13.9,693,2,5.200000000000001,1,0,0,0,0
LookAhead,Primitive,41,10,10,40,60,5,16.5,926,5,4.680000000000001,0,0,1,0,0
LookAhead,Primitive,42,10,10,40,60,5,12.0,697,1,4.9,1,0,0,0,0
LookAhead,Primitive,43,10,10,40,60,5,11.9,710,2,2.8000000000000003,1,0,0,0,0
LookAhead,Primitive,44,10,10,40,60,5,13.9,733,4,4.500000000000001,1,0,0,0,0
LookAhead,Primitive,45,10,10,40,60,5,12.3,689,3,5.266666666666667,0,0,1,0,0
LookAhead,Primitive,46,10,10,40,60,5,16.400000000000002,774,3,6.033333333333334,1,0,0,0,0
LookAhead,Primitive,47,10,10,40,60,5,3.7,189,1,1.2000000000000002,0,0,1,0,0
LookAhead,Primitive,48,10,10,40,60,5,13.1,713,6,4.866666666666667,1,0,0,0,0
LookAhead,Primitive,49,10,10,40,60,5,13.0,727,1,2.6,1,0,0,0,0
LookAhead,Primitive,50,10,10,40,60,5,11.7,688,2,4.3,1,0,0,0,0
LookAhead,Primitive,51,10,10,40,60,5,2.9000000000000004,131,2,2.1500000000000004,0,0,1,0,0
LookAhead,Primitive,52,10,10,40,60,5,4.6000000000000005,271,2,0.65,0,0,1,0,0
LookAhead,Primitive,53,10,10,40,60,5,11.9,671,3,3.366666666666667,1,0,0,0,0
LookAhead,Primitive,54,10,10,40,60,5,16.1,784,2,7.45,1,0,0,0,0
LookAhead,Primitive,55,10,10,40,60,5,10.6,611,3,1.7000000000000002,0,0,1,0,0
LookAhead,Primitive,56,10,10,40,60,5,11.7,718,1,5.0,1,0,0,0,0
LookAhead,Primitive,57,10,10,40,60,5,0.8,63,1,0.2,0,0,1,0,0
LookAhead,Primitive,58,10,10,40,60,5,11.9,672,2,4.65,1,0,0,0,0
LookAhead,Primitive,59,10,10,40,60,5,4.6000000000000005,239,1,4.6000000000000005,0,0,1,0,0
LookAhead,Primitive,0,10,10,60,60,5,16.8,891,6,4.366666666666667,1,0,0,0,0
LookAhead,Primitive,1,10,10,60,60,5,13.0,719,4,3.575,1,0,0,0,0
LookAhead,Primitive,2,10,10,60,60,5,16.2,741,4,4.625000000000001,1,0,0,0,0
LookAhead,Primitive,3,10,10,60,60,5,15.8,912,3,5.566666666666667,1,0,0,0,0
LookAhead,Primitive,4,10,10,60,60,5,15.2,811,6,4.333333333333333,1,0,0,0,0
LookAhead,Primitive,5,10,10,60,60,5,8.6,533,2,1.6,0,0,1,0,0
LookAhead,Primitive,6,10,10,60,60,5,12.7,708,3,3.333333333333333,1,0,0,0,0
LookAhead,Primitive,7,10,10,60,60,5,15.4,716,2,5.15,1,0,0,0,0
LookAhead,Primitive,8,10,10,60,60,5,5.1000000000000005,312,2,1.35,0,0,1,0,0
LookAhead,Primitive,9,10,10,60,60,5,2.0,103,2,1.5,0,0,1,0,0
LookAhead,Primitive,10,10,10,60,60,5,5.300000000000001,314,1,5.300000000000001,0,0,1,0,0
LookAhead,Primitive,11,10,10,60,60,5,3.8,217,3,3.5666666666666664,0,0,1,0,0
LookAhead,Primitive,12,10,10,60,60,5,17.5,831,7,4.8,0,0,1,0,0
LookAhead,Primitive,13,10,10,60,60,5,8.9,545,1,1.1,0,0,1,0,0
LookAhead,Primitive,14,10,10,60,60,5,2.2,126,3,0.9666666666666668,0,0,1,0,0
LookAhead,Primitive,15,10,10,60,60,5,12.2,657,0,,1,0,0,0,0
LookAhead,Primitive,16,10,10,60,60,5,12.4,711,3,3.4,1,0,0,0,0
LookAhead,Primitive,17,10,10,60,60,5,12.6,697,1,3.7,1,0,0,0,0
LookAhead,Primitive,18,10,10,60,60,5,13.3,695,5,4.36,1,0,0,0,0
LookAhead,Primitive,19,10,10,60,60,5,5.4,320,2,2.6000000000000005,0,0,1,0,0
LookAhead,Primitive,20,10,10,60,60,5,14.5,743,4,4.450000000000001,1,0,0,0,0
LookAhead,Primitive,21,10,10,60,60,5,12.9,710,2,5.450000000000001,1,0,0,0,0
LookAhead,Primitive,22,10,10,60,60,5,4.7,246,2,2.7500000000000004,0,0,1,0,0
LookAhead,Primitive,23,10,10,60,60,5,12.1,695,4,3.8000000000000007,1,0,0,0,0
LookAhead,Primitive,24,10,10,60,60,5,16.5,819,6,4.466666666666667,1,0,0,0,0
LookAhead,Primitive,25,10,10,60,60,5,0.9,70,1,0.9,0,0,1,0,0
LookAhead,Primitive,26,10,10,60,60,5,8.9,477,6,3.566666666666667,0,0,1,0,0
LookAhead,Primitive,27,10,10,60,60,5,6.4,356,2,3.2,0,0,1,0,0
LookAhead,Primitive,28,10,10,60,60,5,10.9,580,4,2.7750000000000004,0,0,1,0,0
LookAhead,Primitive,29,10,10,60,60,5,11.7,694,1,4.1000000000000005,1,0,0,0,0
LookAhead,Primitive,30,10,10,60,60,5,11.6,667,3,3.4333333333333336,0,0,1,0,0
LookAhead,Primitive,31,10,10,60,60,5,16.5,800,7,4.1000000000000005,1,0,0,0,0
LookAhead,Primitive,32,10,10,60,60,5,11.7,693,0,,1,0,0,0,0
LookAhead,Primitive,33,10,10,60,60,5,11.6,689,3,3.8000000000000007,1,0,0,0,0
LookAhead,Primitive,34,10,10,60,60,5,6.5,327,7,3.771428571428572,0,0,1,0,0
LookAhead,Primitive,35,10,10,60,60,5,13.4,742,5,3.92,1,0,0,0,0
LookAhead,Primitive,36,10,10,60,60,5,0.4,53,1,0.3,0,0,1,0,0
LookAhead,Primitive,37,10,10,60,60,5,0.5,48,1,0.5,0,0,1,0,0
LookAhead,Primitive,38,10,10,60,60,5,0.1,19,1,0.1,0,0,1,0,0
LookAhead,Primitive,39,10,10,60,60,5,1.5,77,1,1.4,0,0,1,0,0
LookAhead,Primitive,40,10,10,60,60,5,12.4,714,1,5.300000000000001,1,0,0,0,0
LookAhead,Primitive,41,10,10,60,60,5,12.8,718,5,3.78,0,0,1,0,0
LookAhead,Primitive,42,10,10,60,60,5,11.7,704,2,2.85,1,0,0,0,0
LookAhead,Primitive,43,10,10,60,60,5,7.300000000000001,454,2,1.5500000000000005,0,0,1,0,0
LookAhead,Primitive,44,10,10,60,60,5,2.2,118,1,0.9,0,0,1,0,0
LookAhead,Primitive,45,10,10,60,60,5,12.5,701,5,3.1,1,0,0,0,0
LookAhead,Primitive,46,10,10,60,60,5,16.0,779,3,4.800000000000001,1,0,0,0,0
LookAhead,Primitive,47,10,10,60,60,5,11.4,578,4,4.675000000000001,0,0,1,0,0
LookAhead,Primitive,48,10,10,60,60,5,15.7,882,7,4.0285714285714285,1,0,0,0,0
LookAhead,Primitive,49,10,10,60,60,5,13.0,727,1,3.8,1,0,0,0,0
LookAhead,Primitive,50,10,10,60,60,5,11.7,688,1,4.1000000000000005,1,0,0,0,0
LookAhead,Primitive,51,10,10,60,60,5,14.3,795,10,0.9,1,0,0,0,0
LookAhead,Primitive,52,10,10,60,60,5,4.5,262,3,1.0666666666666669,0,0,1,0,0
LookAhead,Primitive,53,10,10,60,60,5,11.7,672,4,3.325,0,0,1,0,0
LookAhead,Primitive,54,10,10,60,60,5,6.6000000000000005,378,3,1.2333333333333334,0,0,1,0,0
LookAhead,Primitive,55,10,10,60,60,5,10.5,603,2,1.15,0,0,1,0,0
LookAhead,Primitive,56,10,10,60,60,5,11.1,715,2,2.25,0,0,1,0,0
LookAhead,Primitive,57,10,10,60,60,5,0.5,54,1,0.1,0,0,1,0,0
LookAhead,Primitive,58,10,10,60,60,5,9.2,532,3,3.0333333333333337,0,0,1,0,0
LookAhead,Primitive,59,10,10,60,60,5,13.4,710,4,6.775000000000001,1,0,0,0,0
LookAhead,Primitive,0,20,10,20,60,5,8.3,494,6,2.6,0,0,1,0,0
LookAhead,Primitive,1,20,10,20,60,5,13.5,753,7,4.971428571428572,0,0,1,0,0
LookAhead,Primitive,2,20,10,20,60,5,11.6,598,5,2.28,0,0,1,0,0
LookAhead,Primitive,3,20,10,20,60,5,11.7,715,2,4.15,1,0,0,0,0
LookAhead,Primitive,4,20,10,20,60,5,12.4,743,6,5.366666666666667,1,0,0,0,0
LookAhead,Primitive,5,20,10,20,60,5,3.6,207,1,1.3,0,0,1,0,0
LookAhead,Primitive,6,20,10,20,60,5,2.7,131,2,2.1500000000000004,0,0,1,0,0
LookAhead,Primitive,7,20,10,20,60,5,13.1,726,4,5.800000000000001,1,0,0,0,0
LookAhead,Primitive,8,20,10,20,60,5,14.2,717,3,5.266666666666667,1,0,0,0,0
LookAhead,Primitive,9,20,10,20,60,5,16.0,795,7,6.214285714285715,1,0,0,0,0
LookAhead,Primitive,10,20,10,20,60,5,5.800000000000001,315,4,2.9250000000000003,0,0,1,0,0
LookAhead,Primitive,11,20,10,20,60,5,0.9,60,1,0.9,0,0,0,0,1
LookAhead,Primitive,12,20,10,20,60,5,12.6,659,7,4.871428571428572,1,0,0,0,0
LookAhead,Primitive,13,20,10,20,60,5,6.7,299,5,2.9400000000000004,0,0,1,0,0
LookAhead,Primitive,14,20,10,20,60,5,18.9,850,6,6.516666666666668,1,0,0,0,0
LookAhead,Primitive,15,20,10,20,60,5,4.9,284,2,2.6500000000000004,0,0,1,0,0
LookAhead,Primitive,16,20,10,20,60,5,5.9,330,5,3.3200000000000003,0,0,1,0,0
LookAhead,Primitive,17,20,10,20,60,5,15.0,819,6,4.5,1,0,0,0,0
LookAhead,Primitive,18,20,10,20,60,5,7.6,458,4,3.3000000000000003,0,0,1,0,0
LookAhead,Primitive,19,20,10,20,60,5,14.4,753,9,5.466666666666667,1,0,0,0,0
LookAhead,Primitive,20,20,10,20,60,5,12.1,690,1,1.9,1,0,0,0,0
LookAhead,Primitive,21,20,10,20,60,5,11.6,641,3,4.733333333333333,0,0,1,0,0
LookAhead,Primitive,22,20,10,20,60,5,13.3,708,3,5.066666666666667,1,0,0,0,0
LookAhead,Primitive,23,20,10,20,60,5,1.7000000000000002,76,2,0.9000000000000001,0,0,1,0,0
LookAhead,Primitive,24,20,10,20,60,5,3.7,218,3,2.1,0,0,1,0,0
LookAhead,Primitive,25,20,10,20,60,5,7.300000000000001,417,6,3.1666666666666674,0,0,1,0,0
LookAhead,Primitive,26,20,10,20,60,5,11.8,677,9,4.277777777777779,1,0,0,0,0
LookAhead,Primitive,27,20,10,20,60,5,0.6000000000000001,34,2,0.6000000000000001,0,0,0,0,1
LookAhead,Primitive,28,20,10,20,60,5,23.6,814,10,5.380000000000001,1,0,0,0,0
LookAhead,Primitive,29,20,10,20,60,5,21.200000000000003,856,10,6.860000000000001,1,0,0,0,0
LookAhead,Primitive,30,20,10,20,60,5,11.8,665,5,4.5600000000000005,1,0,0,0,0
LookAhead,Primitive,31,20,10,20,60,5,3.2,169,3,1.0,0,0,1,0,0
LookAhead,Primitive,32,20,10,20,60,5,18.0,739,7,6.128571428571427,1,0,0,0,0
LookAhead,Primitive,33,20,10,20,60,5,7.0,401,2,3.1000000000000005,0,0,1,0,0
LookAhead,Primitive,34,20,10,20,60,5,4.4,222,3,1.7666666666666668,0,0,0,0,1
LookAhead,Primitive,35,20,10,20,60,5,8.5,459,6,2.75,0,0,1,0,0
LookAhead,Primitive,36,20,10,20,60,5,0.5,54,1,0.3,0,0,1,0,0
LookAhead,Primitive,37,20,10,20,60,5,1.1,71,1,1.1,0,0,1,0,0
LookAhead,Primitive,38,20,10,20,60,5,0.2,33,1,0.2,0,0,1,0,0
LookAhead,Primitive,39,20,10,20,60,5,5.9,334,4,2.8250000000000006,0,0,1,0,0
LookAhead,Primitive,40,20,10,20,60,5,13.0,742,6,5.300000000000001,1,0,0,0,0
LookAhead,Primitive,41,20,10,20,60,5,11.6,661,2,4.8,1,0,0,0,0
LookAhead,Primitive,42,20,10,20,60,5,3.6,194,1,1.8,0,0,1,0,0
LookAhead,Primitive,43,20,10,20,60,5,11.8,688,6,4.533333333333334,0,0,1,0,0
LookAhead,Primitive,44,20,10,20,60,5,18.0,844,4,5.2250000000000005,1,0,0,0,0
LookAhead,Primitive,45,20,10,20,60,5,15.4,815,6,6.283333333333334,1,0,0,0,0
LookAhead,Primitive,46,20,10,20,60,5,7.7,431,4,3.4000000000000004,0,0,1,0,0
LookAhead,Primitive,47,20,10,20,60,5,14.2,709,4,6.0,1,0,0,0,0
LookAhead,Primitive,48,20,10,20,60,5,3.3000000000000003,175,3,1.6666666666666667,0,0,1,0,0
LookAhead,Primitive,49,20,10,20,60,5,2.9000000000000004,115,2,0.95,0,0,1,0,0
LookAhead,Primitive,50,20,10,20,60,5,15.7,759,6,5.816666666666667,1,0,0,0,0
LookAhead,Primitive,51,20,10,20,60,5,0.5,56,1,0.5,0,0,1,0,0
LookAhead,Primitive,52,20,10,20,60,5,9.4,485,5,4.14,0,0,1,0,0
LookAhead,Primitive,53,20,10,20,60,5,13.5,688,6,5.366666666666667,1,0,0,0,0
LookAhead,Primitive,54,20,10,20,60,5,14.0,674,7,5.828571428571428,1,0,0,0,0
LookAhead,Primitive,55,20,10,20,60,5,13.1,667,5,5.34,1,0,0,0,0
LookAhead,Primitive,56,20,10,20,60,5,2.4000000000000004,113,1,1.6,0,0,1,0,0
LookAhead,Primitive,57,20,10,20,60,5,6.7,363,2,3.3000000000000003,0,0,1,0,0
LookAhead,Primitive,58,20,10,20,60,5,12.8,646,7,4.142857142857142,1,0,0,0,0
LookAhead,Primitive,59,20,10,20,60,5,14.5,785,10,5.720000000000001,1,0,0,0,0
LookAhead,Primitive,0,20,10,40,60,5,13.0,736,5,5.000000000000001,1,0,0,0,0
LookAhead,Primitive,1,20,10,40,60,5,8.700000000000001,496,4,4.05,0,0,1,0,0
LookAhead,Primitive,2,20,10,40,60,5,5.1000000000000005,279,1,1.1,0,0,1,0,0
LookAhead,Primitive,3,20,10,40,60,5,7.9,492,3,2.1666666666666665,0,0,1,0,0
LookAhead,Primitive,4,20,10,40,60,5,12.1,703,4,5.65,1,0,0,0,0
LookAhead,Primitive,5,20,10,40,60,5,7.300000000000001,409,3,2.7000000000000006,0,0,1,0,0
LookAhead,Primitive,6,20,10,40,60,5,2.1,96,2,1.7000000000000002,0,0,1,0,0
LookAhead,Primitive,7,20,10,40,60,5,2.5,97,2,1.85,0,0,1,0,0
LookAhead,Primitive,8,20,10,40,60,5,7.4,452,3,1.5666666666666669,0,0,1,0,0
LookAhead,Primitive,9,20,10,40,60,5,13.5,705,6,4.7,1,0,0,0,0
LookAhead,Primitive,10,20,10,40,60,5,0.9,57,1,0.9,0,0,1,0,0
LookAhead,Primitive,11,20,10,40,60,5,0.9,54,2,0.7,0,0,0,0,1
LookAhead,Primitive,12,20,10,40,60,5,2.6,129,1,1.3,0,0,1,0,0
LookAhead,Primitive,13,20,10,40,60,5,5.5,281,3,3.0333333333333337,0,0,1,0,0
LookAhead,Primitive,14,20,10,40,60,5,8.6,497,4,2.9250000000000003,0,0,1,0,0
LookAhead,Primitive,15,20,10,40,60,5,12.2,655,2,5.050000000000001,1,0,0,0,0
LookAhead,Primitive,16,20,10,40,60,5,2.5,121,3,1.4,0,0,1,0,0
LookAhead,Primitive,17,20,10,40,60,5,9.6,550,2,1.7000000000000002,0,0,1,0,0
LookAhead,Primitive,18,20,10,40,60,5,12.1,695,6,3.233333333333334,1,0,0,0,0
LookAhead,Primitive,19,20,10,40,60,5,4.1000000000000005,231,3,1.4666666666666668,0,0,1,0,0
LookAhead,Primitive,20,20,10,40,60,5,11.7,691,1,3.8,1,0,0,0,0
LookAhead,Primitive,21,20,10,40,60,5,11.9,658,7,3.171428571428572,0,0,0,0,1
LookAhead,Primitive,22,20,10,40,60,5,14.8,716,7,4.742857142857143,0,0,1,0,0
LookAhead,Primitive,23,20,10,40,60,5,18.0,781,8,5.625,1,0,0,0,0
LookAhead,Primitive,24,20,10,40,60,5,9.4,541,9,2.9333333333333336,0,0,1,0,0
LookAhead,Primitive,25,20,10,40,60,5,1.5,67,2,1.3,0,0,0,0,1
LookAhead,Primitive,26,20,10,40,60,5,5.4,289,4,2.95,0,0,1,0,0
LookAhead,Primitive,27,20,10,40,60,5,0.6000000000000001,49,2,0.6000000000000001,0,0,0,0,1
LookAhead,Primitive,28,20,10,40,60,5,14.5,679,7,3.442857142857143,1,0,0,0,0
LookAhead,Primitive,29,20,10,40,60,5,7.9,326,6,4.65,0,0,0,0,1
LookAhead,Primitive,30,20,10,40,60,5,14.4,757,7,4.714285714285714,0,0,1,0,0
LookAhead,Primitive,31,20,10,40,60,5,4.1000000000000005,181,4,1.65,0,0,1,0,0
LookAhead,Primitive,32,20,10,40,60,5,4.4,229,3,1.7000000000000002,0,0,1,0,0
LookAhead,Primitive,33,20,10,40,60,5,16.5,896,4,5.800000000000001,1,0,0,0,0
LookAhead,Primitive,34,20,10,40,60,5,13.9,721,5,5.14,1,0,0,0,0
LookAhead,Primitive,35,20,10,40,60,5,9.2,502,5,3.500000000000001,0,0,1,0,0
LookAhead,Primitive,36,20,10,40,60,5,0.3,53,1,0.2,0,0,1,0,0
LookAhead,Primitive,37,20,10,40,60,5,0.7000000000000001,55,1,0.7000000000000001,0,0,1,0,0
LookAhead,Primitive,38,20,10,40,60,5,0.1,24,1,0.1,0,0,1,0,0
LookAhead,Primitive,39,20,10,40,60,5,11.4,713,7,3.9,0,0,1,0,0
LookAhead,Primitive,40,20,10,40,60,5,2.6,118,3,1.4333333333333336,0,0,1,0,0
LookAhead,Primitive,41,20,10,40,60,5,5.1000000000000005,294,3,1.5666666666666664,0,0,1,0,0
LookAhead,Primitive,42,20,10,40,60,5,4.9,237,2,2.2,0,0,1,0,0
LookAhead,Primitive,43,20,10,40,60,5,17.1,774,5,5.620000000000001,1,0,0,0,0
LookAhead,Primitive,44,20,10,40,60,5,13.9,740,0,,1,0,0,0,0
LookAhead,Primitive,45,20,10,40,60,5,13.5,725,6,4.6000000000000005,1,0,0,0,0
LookAhead,Primitive,46,20,10,40,60,5,9.4,510,3,4.533333333333334,0,0,1,0,0
LookAhead,Primitive,47,20,10,40,60,5,12.2,686,1,5.9,1,0,0,0,0
LookAhead,Primitive,48,20,10,40,60,5,2.8000000000000003,151,2,1.95,0,0,1,0,0
LookAhead,Primitive,49,20,10,40,60,5,2.1,87,1,1.2000000000000002,0,0,1,0,0
LookAhead,Primitive,50,20,10,40,60,5,5.0,267,3,2.1666666666666665,0,0,1,0,0
LookAhead,Primitive,51,20,10,40,60,5,0.3,41,1,0.3,0,0,1,0,0
LookAhead,Primitive,52,20,10,40,60,5,3.6,168,2,2.1500000000000004,0,0,1,0,0
LookAhead,Primitive,53,20,10,40,60,5,11.6,532,4,4.1000000000000005,0,0,1,0,0
LookAhead,Primitive,54,20,10,40,60,5,2.2,101,2,1.2000000000000002,0,0,1,0,0
LookAhead,Primitive,55,20,10,40,60,5,2.7,123,1,1.0,0,0,1,0,0
LookAhead,Primitive,56,20,10,40,60,5,1.9,88,1,1.4,0,0,1,0,0
LookAhead,Primitive,57,20,10,40,60,5,19.0,1005,10,4.970000000000001,1,0,0,0,0
LookAhead,Primitive,58,20,10,40,60,5,6.2,304,4,2.325,0,0,1,0,0
LookAhead,Primitive,59,20,10,40,60,5,9.6,592,6,2.7333333333333343,0,0,1,0,0
LookAhead,Primitive,0,20,10,60,60,5,8.1,426,4,3.35,0,0,0,0,1
LookAhead,Primitive,1,20,10,60,60,5,10.9,624,8,3.3000000000000003,0,0,1,0,0
LookAhead,Primitive,2,20,10,60,60,5,17.6,740,10,4.58,1,0,0,0,0
LookAhead,Primitive,3,20,10,60,60,5,7.0,415,4,2.05,0,0,1,0,0
LookAhead,Primitive,4,20,10,60,60,5,16.5,833,5,4.78,1,0,0,0,0
LookAhead,Primitive,5,20,10,60,60,5,4.2,241,2,1.65,0,0,1,0,0
LookAhead,Primitive,6,20,10,60,60,5,3.1,109,3,2.266666666666667,0,0,1,0,0
LookAhead,Primitive,7,20,10,60,60,5,1.9,85,2,1.5500000000000005,0,0,1,0,0
LookAhead,Primitive,8,20,10,60,60,5,13.1,694,7,5.571428571428572,1,0,0,0,0
LookAhead,Primitive,9,20,10,60,60,5,2.4000000000000004,132,2,2.4000000000000004,0,0,1,0,0
LookAhead,Primitive,10,20,10,60,60,5,0.6000000000000001,54,1,0.6000000000000001,0,0,1,0,0
LookAhead,Primitive,11,20,10,60,60,5,13.7,701,10,4.619999999999999,1,0,0,0,0
LookAhead,Primitive,12,20,10,60,60,5,4.2,193,2,2.1,0,0,1,0,0
LookAhead,Primitive,13,20,10,60,60,5,5.300000000000001,271,4,2.175,0,0,1,0,0
LookAhead,Primitive,14,20,10,60,60,5,1.5,95,3,1.0666666666666669,0,0,1,0,0
LookAhead,Primitive,15,20,10,60,60,5,12.3,658,4,4.025,0,0,1,0,0
LookAhead,Primitive,16,20,10,60,60,5,2.1,97,3,1.2,0,0,1,0,0
LookAhead,Primitive,17,20,10,60,60,5,12.9,705,3,4.333333333333333,1,0,0,0,0
LookAhead,Primitive,18,20,10,60,60,5,8.8,546,3,3.133333333333334,0,0,1,0,0
LookAhead,Primitive,19,20,10,60,60,5,3.5,192,2,2.15,0,0,1,0,0
LookAhead,Primitive,20,20,10,60,60,5,9.5,551,4,3.5500000000000003,0,0,1,0,0
LookAhead,Primitive,21,20,10,60,60,5,5.9,342,2,1.5,0,0,1,0,0
LookAhead,Primitive,22,20,10,60,60,5,0.6000000000000001,50,3,0.5333333333333333,0,0,0,0,1
LookAhead,Primitive,23,20,10,60,60,5,11.8,676,6,4.166666666666667,1,0,0,0,0
LookAhead,Primitive,24,20,10,60,60,5,7.4,464,7,3.5571428571428574,0,0,1,0,0
LookAhead,Primitive,25,20,10,60,60,5,14.1,740,6,3.1333333333333333,1,0,0,0,0
LookAhead,Primitive,26,20,10,60,60,5,8.700000000000001,502,6,3.433333333333333,0,0,1,0,0
LookAhead,Primitive,27,20,10,60,60,5,12.7,699,5,5.36,1,0,0,0,0
LookAhead,Primitive,28,20,10,60,60,5,2.3000000000000003,130,1,0.6000000000000001,0,0,1,0,0
LookAhead,Primitive,29,20,10,60,60,5,14.0,747,4,5.200000000000001,1,0,0,0,0
LookAhead,Primitive,30,20,10,60,60,5,1.3,77,1,1.3,0,0,1,0,0
LookAhead,Primitive,31,20,10,60,60,5,2.7,134,3,1.0,0,0,1,0,0
LookAhead,Primitive,32,20,10,60,60,5,5.4,312,4,2.4250000000000003,0,0,1,0,0
LookAhead,Primitive,33,20,10,60,60,5,9.2,536,5,4.340000000000001,0,0,1,0,0
LookAhead,Primitive,34,20,10,60,60,5,5.4,324,3,2.866666666666667,0,0,1,0,0
LookAhead,Primitive,35,20,10,60,60,5,11.7,686,6,2.8166666666666664,1,0,0,0,0
LookAhead,Primitive,36,20,10,60,60,5,0.2,52,1,0.2,0,0,1,0,0
LookAhead,Primitive,37,20,10,60,60,5,0.6000000000000001,49,1,0.6000000000000001,0,0,1,0,0
LookAhead,Primitive,38,20,10,60,60,5,0.1,19,1,0.1,0,0,1,0,0
LookAhead,Primitive,39,20,10,60,60,5,10.0,587,5,4.0200000000000005,0,0,1,0,0
LookAhead,Primitive,40,20,10,60,60,5,8.8,472,9,3.4777777777777783,0,0,1,0,0
LookAhead,Primitive,41,20,10,60,60,5,1.3,70,2,0.75,0,0,1,0,0
LookAhead,Primitive,42,20,10,60,60,5,9.9,520,9,3.755555555555556,0,0,1,0,0
LookAhead,Primitive,43,20,10,60,60,5,11.7,716,3,3.3000000000000003,1,0,0,0,0
LookAhead,Primitive,44,20,10,60,60,5,6.4,388,1,0.7000000000000001,0,0,1,0,0
LookAhead,Primitive,45,20,10,60,60,5,10.6,625,5,2.980000000000001,0,0,1,0,0
LookAhead,Primitive,46,20,10,60,60,5,14.2,763,5,5.140000000000001,1,0,0,0,0
LookAhead,Primitive,47,20,10,60,60,5,4.2,214,2,1.75,0,0,1,0,0
LookAhead,Primitive,48,20,10,60,60,5,7.7,440,4,3.5000000000000004,0,0,1,0,0
LookAhead,Primitive,49,20,10,60,60,5,1.7000000000000002,78,1,1.0,0,0,1,0,0
LookAhead,Primitive,50,20,10,60,60,5,9.6,510,7,3.5142857142857147,0,0,1,0,0
LookAhead,Primitive,51,20,10,60,60,5,0.2,41,1,0.2,0,0,1,0,0
LookAhead,Primitive,52,20,10,60,60,5,1.5,78,1,1.2000000000000002,0,0,1,0,0
LookAhead,Primitive,53,20,10,60,60,5,10.8,621,6,2.5666666666666664,0,0,1,0,0
LookAhead,Primitive,54,20,10,60,60,5,1.8,79,3,1.0000000000000002,0,0,0,0,1
LookAhead,Primitive,55,20,10,60,60,5,3.0,120,1,1.6,0,0,0,0,1
LookAhead,Primitive,56,20,10,60,60,5,1.9,84,1,1.6,0,0,0,0,1
LookAhead,Primitive,57,20,10,60,60,5,4.4,221,4,1.85,0,0,0,0,1
LookAhead,Primitive,58,20,10,60,60,5,11.5,668,3,3.7000000000000006,0,0,1,0,0
LookAhead,Primitive,59,20,10,60,60,5,13.2,698,6,3.783333333333335,1,0,0,0,0
LookAhead,Primitive,0,30,10,20,60,5,7.9,459,5,2.9,0,0,1,0,0
LookAhead,Primitive,1,30,10,20,60,5,14.1,755,6,6.033333333333334,1,0,0,0,0
LookAhead,Primitive,2,30,10,20,60,5,17.6,731,8,6.25,0,0,1,0,0
LookAhead,Primitive,3,30,10,20,60,5,12.4,715,8,5.3375,0,0,1,0,0
LookAhead,Primitive,4,30,10,20,60,5,10.2,561,4,4.4750000000000005,0,0,1,0,0
LookAhead,Primitive,5,30,10,20,60,5,10.0,478,5,5.200000000000001,0,0,1,0,0
LookAhead,Primitive,6,30,10,20,60,5,10.0,526,7,4.271428571428571,0,0,1,0,0
LookAhead,Primitive,7,30,10,20,60,5,13.9,724,6,5.183333333333335,1,0,0,0,0
LookAhead,Primitive,8,30,10,20,60,5,5.800000000000001,299,4,2.575,0,0,1,0,0
LookAhead,Primitive,9,30,10,20,60,5,1.2000000000000002,71,3,1.1,0,0,1,0,0
LookAhead,Primitive,10,30,10,20,60,5,3.7,182,3,1.9666666666666668,0,0,1,0,0
LookAhead,Primitive,11,30,10,20,60,5,0.5,45,2,0.5,0,0,1,0,0
LookAhead,Primitive,12,30,10,20,60,5,12.8,675,12,4.933333333333334,1,0,0,0,0
LookAhead,Primitive,13,30,10,20,60,5,4.800000000000001,229,3,2.466666666666667,0,0,1,0,0
LookAhead,Primitive,14,30,10,20,60,5,1.7000000000000002,79,3,1.3333333333333333,0,0,1,0,0
LookAhead,Primitive,15,30,10,20,60,5,3.2,187,2,1.2000000000000002,0,0,1,0,0
LookAhead,Primitive,16,30,10,20,60,5,15.6,770,14,5.535714285714286,1,0,0,0,0
LookAhead,Primitive,17,30,10,20,60,5,13.6,695,10,5.21,0,0,1,0,0
LookAhead,Primitive,18,30,10,20,60,5,3.1,163,3,1.3666666666666665,0,0,1,0,0
LookAhead,Primitive,19,30,10,20,60,5,14.8,697,11,5.8090909090909095,1,0,0,0,0
LookAhead,Primitive,20,30,10,20,60,5,13.7,706,5,5.2,1,0,0,0,0
LookAhead,Primitive,21,30,10,20,60,5,8.3,467,8,3.375,0,0,1,0,0
LookAhead,Primitive,22,30,10,20,60,5,0.7000000000000001,52,2,0.7000000000000001,0,0,1,0,0
LookAhead,Primitive,23,30,10,20,60,5,0.8,56,1,0.8,0,0,1,0,0
LookAhead,Primitive,24,30,10,20,60,5,3.8,217,2,2.55,0,0,1,0,0
LookAhead,Primitive,25,30,10,20,60,5,2.4000000000000004,105,2,2.1,0,0,1,0,0
LookAhead,Primitive,26,30,10,20,60,5,13.1,638,14,4.157142857142857,0,0,1,0,0
LookAhead,Primitive,27,30,10,20,60,5,0.3,32,2,0.3,0,0,1,0,0
LookAhead,Primitive,28,30,10,20,60,5,15.1,760,14,5.17857142857143,1,0,0,0,0
LookAhead,Primitive,29,30,10,20,60,5,5.300000000000001,310,8,3.0,0,0,1,0,0
LookAhead,Primitive,30,30,10,20,60,5,5.0,210,3,3.3000000000000007,0,0,1,0,0
LookAhead,Primitive,31,30,10,20,60,5,3.3000000000000003,166,5,1.64,0,0,1,0,0
LookAhead,Primitive,32,30,10,20,60,5,3.0,141,1,1.7000000000000002,0,0,1,0,0
LookAhead,Primitive,33,30,10,20,60,5,15.0,740,6,5.333333333333333,1,0,0,0,0
LookAhead,Primitive,34,30,10,20,60,5,13.1,667,7,4.771428571428571,1,0,0,0,0
LookAhead,Primitive,35,30,10,20,60,5,6.800000000000001,394,8,3.1500000000000004,0,0,1,0,0
LookAhead,Primitive,36,30,10,20,60,5,0.4,53,1,0.3,0,0,1,0,0
LookAhead,Primitive,37,30,10,20,60,5,1.1,71,1,1.1,0,0,1,0,0
LookAhead,Primitive,38,30,10,20,60,5,0.2,33,1,0.2,0,0,1,0,0
LookAhead,Primitive,39,30,10,20,60,5,6.2,359,3,3.6666666666666665,0,0,1,0,0
LookAhead,Primitive,40,30,10,20,60,5,8.6,457,8,4.8125,0,0,0,0,1
LookAhead,Primitive,41,30,10,20,60,5,4.1000000000000005,183,5,2.1,0,0,1,0,0
LookAhead,Primitive,42,30,10,20,60,5,12.0,687,6,3.633333333333333,1,0,0,0,0
LookAhead,Primitive,43,30,10,20,60,5,7.4,410,7,3.071428571428572,0,0,0,0,1
LookAhead,Primitive,44,30,10,20,60,5,11.0,658,8,3.9,0,0,1,0,0
LookAhead,Primitive,45,30,10,20,60,5,14.2,746,9,6.2444444444444445,1,0,0,0,0
LookAhead,Primitive,46,30,10,20,60,5,9.4,533,7,2.657142857142857,0,0,1,0,0
LookAhead,Primitive,47,30,10,20,60,5,3.7,182,1,1.8,0,0,1,0,0
LookAhead,Primitive,48,30,10,20,60,5,1.6,76,3,1.6000000000000003,0,0,1,0,0
LookAhead,Primitive,49,30,10,20,60,5,3.7,181,4,2.075,0,0,1,0,0
LookAhead,Primitive,50,30,10,20,60,5,12.5,657,9,4.9,0,0,1,0,0
LookAhead,Primitive,51,30,10,20,60,5,5.300000000000001,237,6,3.266666666666667,0,0,1,0,0
LookAhead,Primitive,52,30,10,20,60,5,6.9,324,5,3.1000000000000005,0,0,1,0,0
LookAhead,Primitive,53,30,10,20,60,5,5.6000000000000005,294,5,2.7,0,0,1,0,0
LookAhead,Primitive,54,30,10,20,60,5,7.4,390,7,4.085714285714285,0,0,1,0,0
LookAhead,Primitive,55,30,10,20,60,5,7.1000000000000005,391,5,3.5,0,0,1,0,0
LookAhead,Primitive,56,30,10,20,60,5,1.3,80,2,1.3,0,0,1,0,0
LookAhead,Primitive,57,30,10,20,60,5,11.9,668,5,4.1,1,0,0,0,0
LookAhead,Primitive,58,30,10,20,60,5,17.8,908,7,5.657142857142858,1,0,0,0,0
LookAhead,Primitive,59,30,10,20,60,5,9.5,540,8,4.7125,0,0,1,0,0
LookAhead,Primitive,0,30,10,40,60,5,14.1,686,10,5.2,1,0,0,0,0
LookAhead,Primitive,1,30,10,40,60,5,10.2,532,9,3.955555555555556,0,0,1,0,0
LookAhead,Primitive,2,30,10,40,60,5,14.7,702,6,4.0,1,0,0,0,0
LookAhead,Primitive,3,30,10,40,60,5,2.6,117,2,2.5,0,0,1,0,0
LookAhead,Primitive,4,30,10,40,60,5,8.200000000000001,445,9,3.188888888888889,0,0,1,0,0
LookAhead,Primitive,5,30,10,40,60,5,5.0,291,3,1.8333333333333333,0,0,1,0,0
LookAhead,Primitive,6,30,10,40,60,5,2.2,108,2,1.75,0,0,1,0,0
LookAhead,Primitive,7,30,10,40,60,5,13.8,662,6,5.733333333333333,0,0,1,0,0
LookAhead,Primitive,8,30,10,40,60,5,7.2,314,6,3.2833333333333337,0,0,1,0,0
LookAhead,Primitive,9,30,10,40,60,5,12.3,671,8,4.0875,0,0,1,0,0
LookAhead,Primitive,10,30,10,40,60,5,7.800000000000001,448,5,3.3200000000000003,0,0,1,0,0
LookAhead,Primitive,11,30,10,40,60,5,0.3,31,2,0.3,0,0,1,0,0
LookAhead,Primitive,12,30,10,40,60,5,13.3,683,7,5.200000000000001,1,0,0,0,0
LookAhead,Primitive,13,30,10,40,60,5,2.0,74,1,1.4,0,0,1,0,0
LookAhead,Primitive,14,30,10,40,60,5,1.2000000000000002,79,3,0.9666666666666668,0,0,1,0,0
LookAhead,Primitive,15,30,10,40,60,5,12.4,688,9,3.0222222222222226,0,0,1,0,0
LookAhead,Primitive,16,30,10,40,60,5,10.2,532,4,4.9750000000000005,0,0,1,0,0
LookAhead,Primitive,17,30,10,40,60,5,10.8,632,7,3.7428571428571433,0,0,1,0,0
LookAhead,Primitive,18,30,10,40,60,5,16.400000000000002,829,8,5.612500000000001,1,0,0,0,0
LookAhead,Primitive,19,30,10,40,60,5,3.2,167,4,2.1,0,0,1,0,0
LookAhead,Primitive,20,30,10,40,60,5,2.1,104,2,1.15,0,0,1,0,0
LookAhead,Primitive,21,30,10,40,60,5,11.7,671,5,4.0200000000000005,1,0,0,0,0
LookAhead,Primitive,22,30,10,40,60,5,0.4,33,2,0.4,0,0,1,0,0
LookAhead,Primitive,23,30,10,40,60,5,0.6000000000000001,51,1,0.6000000000000001,0,0,1,0,0
LookAhead,Primitive,24,30,10,40,60,5,6.800000000000001,404,7,2.271428571428572,0,0,1,0,0
LookAhead,Primitive,25,30,10,40,60,5,1.6,76,2,1.4,0,0,1,0,0
LookAhead,Primitive,26,30,10,40,60,5,0.9,84,3,0.9,0,0,1,0,0
LookAhead,Primitive,27,30,10,40,60,5,0.2,29,2,0.2,0,0,1,0,0
LookAhead,Primitive,28,30,10,40,60,5,5.0,281,7,2.7,0,0,1,0,0
LookAhead,Primitive,29,30,10,40,60,5,2.4000000000000004,141,3,1.7333333333333334,0,0,1,0,0
LookAhead,Primitive,30,30,10,40,60,5,4.9,214,3,3.0333333333333337,0,0,1,0,0
LookAhead,Primitive,31,30,10,40,60,5,1.5,83,2,1.0,0,0,1,0,0
LookAhead,Primitive,32,30,10,40,60,5,12.6,703,7,3.528571428571429,0,0,0,0,1
LookAhead,Primitive,33,30,10,40,60,5,13.5,715,5,4.319999999999999,1,0,0,0,0
LookAhead,Primitive,34,30,10,40,60,5,11.8,675,11,4.090909090909092,0,0,0,0,1
LookAhead,Primitive,35,30,10,40,60,5,3.9,216,3,2.9333333333333336,0,0,1,0,0
LookAhead,Primitive,36,30,10,40,60,5,0.2,52,1,0.2,0,0,1,0,0
LookAhead,Primitive,37,30,10,40,60,5,0.8,55,1,0.8,0,0,1,0,0
LookAhead,Primitive,38,30,10,40,60,5,0.1,26,1,0.1,0,0,1,0,0
LookAhead,Primitive,39,30,10,40,60,5,12.0,722,7,3.6142857142857134,1,0,0,0,0
LookAhead,Primitive,40,30,10,40,60,5,2.9000000000000004,139,8,1.6,0,0,1,0,0
LookAhead,Primitive,41,30,10,40,60,5,11.3,565,7,4.842857142857143,0,0,1,0,0
LookAhead,Primitive,42,30,10,40,60,5,7.7,460,4,2.325,0,0,1,0,0
LookAhead,Primitive,43,30,10,40,60,5,5.300000000000001,322,2,1.1,0,0,1,0,0
LookAhead,Primitive,44,30,10,40,60,5,7.1000000000000005,397,4,3.8,0,0,1,0,0
LookAhead,Primitive,45,30,10,40,60,5,13.9,778,9,4.4444444444444455,0,0,1,0,0
LookAhead,Primitive,46,30,10,40,60,5,11.7,698,3,4.766666666666667,1,0,0,0,0
LookAhead,Primitive,47,30,10,40,60,5,5.800000000000001,311,3,1.9,0,0,1,0,0
LookAhead,Primitive,48,30,10,40,60,5,1.3,84,3,1.3,0,0,1,0,0
LookAhead,Primitive,49,30,10,40,60,5,12.5,626,10,4.720000000000001,0,0,1,0,0
LookAhead,Primitive,50,30,10,40,60,5,1.4,70,1,1.4,0,0,1,0,0
LookAhead,Primitive,51,30,10,40,60,5,13.9,723,10,5.050000000000001,1,0,0,0,0
LookAhead,Primitive,52,30,10,40,60,5,16.8,829,12,4.166666666666667,0,0,1,0,0
LookAhead,Primitive,53,30,10,40,60,5,5.5,271,4,2.7,0,0,1,0,0
LookAhead,Primitive,54,30,10,40,60,5,6.300000000000001,358,6,3.316666666666667,0,0,1,0,0
LookAhead,Primitive,55,30,10,40,60,5,12.0,681,7,3.957142857142856,0,0,1,0,0
LookAhead,Primitive,56,30,10,40,60,5,11.0,612,7,5.1000000000000005,0,1,0,0,0
LookAhead,Primitive,57,30,10,40,60,5,16.900000000000002,793,6,4.5,1,0,0,0,0
LookAhead,Primitive,58,30,10,40,60,5,6.5,309,4,2.5500000000000003,0,0,1,0,0
LookAhead,Primitive,59,30,10,40,60,5,12.1,703,6,5.366666666666667,1,0,0,0,0
LookAhead,Primitive,0,30,10,60,60,5,16.3,756,5,4.58,1,0,0,0,0
LookAhead,Primitive,1,30,10,60,60,5,5.1000000000000005,315,5,2.16,0,0,1,0,0
LookAhead,Primitive,2,30,10,60,60,5,3.6,204,1,0.9,0,0,1,0,0
LookAhead,Primitive,3,30,10,60,60,5,2.3000000000000003,115,3,2.0333333333333337,0,0,1,0,0
LookAhead,Primitive,4,30,10,60,60,5,15.6,737,14,4.685714285714286,1,0,0,0,0
LookAhead,Primitive,5,30,10,60,60,5,9.3,565,8,2.5375,0,0,1,0,0
LookAhead,Primitive,6,30,10,60,60,5,3.4000000000000004,131,3,2.4000000000000004,0,0,1,0,0
LookAhead,Primitive,7,30,10,60,60,5,7.0,255,4,3.1000000000000005,0,0,1,0,0
LookAhead,Primitive,8,30,10,60,60,5,12.0,679,6,5.250000000000001,0,0,1,0,0
LookAhead,Primitive,9,30,10,60,60,5,9.4,549,9,3.088888888888889,0,0,1,0,0
LookAhead,Primitive,10,30,10,60,60,5,12.7,678,5,4.12,1,0,0,0,0
LookAhead,Primitive,11,30,10,60,60,5,0.2,24,1,0.2,0,0,1,0,0
LookAhead,Primitive,12,30,10,60,60,5,2.3000000000000003,115,1,1.2000000000000002,0,0,1,0,0
LookAhead,Primitive,13,30,10,60,60,5,1.6,64,1,1.2000000000000002,0,0,1,0,0
LookAhead,Primitive,14,30,10,60,60,5,0.9,74,3,0.6666666666666666,0,0,1,0,0
LookAhead,Primitive,15,30,10,60,60,5,6.0,334,2,2.95,0,0,1,0,0
LookAhead,Primitive,16,30,10,60,60,5,6.6000000000000005,335,4,3.975,0,0,1,0,0
LookAhead,Primitive,17,30,10,60,60,5,16.0,738,7,5.157142857142857,1,0,0,0,0
LookAhead,Primitive,18,30,10,60,60,5,1.9,93,3,1.1,0,0,1,0,0
LookAhead,Primitive,19,30,10,60,60,5,3.4000000000000004,175,5,2.02,0,0,1,0,0
LookAhead,Primitive,20,30,10,60,60,5,7.0,323,3,2.966666666666667,0,0,0,0,1
LookAhead,Primitive,21,30,10,60,60,5,1.8,84,1,1.6,0,0,1,0,0
LookAhead,Primitive,22,30,10,60,60,5,0.3,33,1,0.3,0,0,1,0,0
LookAhead,Primitive,23,30,10,60,60,5,0.5,53,1,0.5,0,0,1,0,0
LookAhead,Primitive,24,30,10,60,60,5,1.6,82,2,1.2,0,0,1,0,0
LookAhead,Primitive,25,30,10,60,60,5,1.4,68,2,1.3000000000000005,0,0,0,0,1
LookAhead,Primitive,26,30,10,60,60,5,0.6000000000000001,68,3,0.6000000000000001,0,0,1,0,0
LookAhead,Primitive,27,30,10,60,60,5,0.1,22,2,0.1,0,0,1,0,0
LookAhead,Primitive,28,30,10,60,60,5,3.0,163,4,1.8,0,0,1,0,0
LookAhead,Primitive,29,30,10,60,60,5,2.1,100,3,1.6,0,0,1,0,0
LookAhead,Primitive,30,30,10,60,60,5,13.3,687,8,3.975000000000001,0,0,1,0,0
LookAhead,Primitive,31,30,10,60,60,5,1.1,64,2,0.8,0,0,1,0,0
LookAhead,Primitive,32,30,10,60,60,5,4.3,234,4,2.0250000000000004,0,0,1,0,0
LookAhead,Primitive,33,30,10,60,60,5,12.3,671,5,2.58,0,0,1,0,0
LookAhead,Primitive,34,30,10,60,60,5,10.8,483,10,4.67,0,0,1,0,0
LookAhead,Primitive,35,30,10,60,60,5,3.3000000000000003,170,7,1.871428571428572,0,0,1,0,0
LookAhead,Primitive,36,30,10,60,60,5,0.2,50,1,0.2,0,0,1,0,0
LookAhead,Primitive,37,30,10,60,60,5,0.6000000000000001,50,1,0.6000000000000001,0,0,1,0,0
LookAhead,Primitive,38,30,10,60,60,5,0.1,21,1,0.1,0,0,1,0,0
LookAhead,Primitive,39,30,10,60,60,5,5.9,365,4,2.85,0,0,1,0,0
LookAhead,Primitive,40,30,10,60,60,5,7.800000000000001,493,6,3.866666666666667,0,0,1,0,0
LookAhead,Primitive,41,30,10,60,60,5,2.2,126,3,1.1,0,0,1,0,0
LookAhead,Primitive,42,30,10,60,60,5,1.7000000000000002,82,1,1.1,0,0,1,0,0
LookAhead,Primitive,43,30,10,60,60,5,4.6000000000000005,274,2,1.05,0,0,1,0,0
LookAhead,Primitive,44,30,10,60,60,5,18.1,800,10,4.950000000000001,1,0,0,0,0
LookAhead,Primitive,45,30,10,60,60,5,14.8,817,8,4.450000000000001,1,0,0,0,0
LookAhead,Primitive,46,30,10,60,60,5,6.2,361,3,1.7333333333333334,0,0,1,0,0
LookAhead,Primitive,47,30,10,60,60,5,6.0,337,3,1.4,0,0,1,0,0
LookAhead,Primitive,48,30,10,60,60,5,1.0,69,3,1.0,0,0,1,0,0
LookAhead,Primitive,49,30,10,60,60,5,1.4,73,3,0.9666666666666668,0,0,1,0,0
LookAhead,Primitive,50,30,10,60,60,5,1.1,73,1,1.1,0,0,1,0,0
LookAhead,Primitive,51,30,10,60,60,5,1.2000000000000002,70,3,1.1,0,0,0,0,1
LookAhead,Primitive,52,30,10,60,60,5,15.5,709,13,4.500000000000001,1,0,0,0,0
LookAhead,Primitive,53,30,10,60,60,5,5.0,262,5,2.2,0,0,1,0,0
LookAhead,Primitive,54,30,10,60,60,5,2.1,109,3,1.4333333333333331,0,0,1,0,0
LookAhead,Primitive,55,30,10,60,60,5,15.0,693,2,4.4,1,0,1,0,0
LookAhead,Primitive,56,30,10,60,60,5,12.3,716,10,4.76,1,0,0,0,0
LookAhead,Primitive,57,30,10,60,60,5,5.0,295,3,0.7000000000000001,0,0,1,0,0
LookAhead,Primitive,58,30,10,60,60,5,4.7,253,4,1.6,0,0,1,0,0
LookAhead,Primitive,59,30,10,60,60,5,7.6,468,5,2.6000000000000005,0,0,1,0,0
Owl,Primitive,0,10,10,20,60,5,11.8,694,0,,1,0,0,0,0
Owl,Primitive,1,10,10,20,60,5,5.6000000000000005,362,2,2.1500000000000004,0,0,1,0,0
Owl,Primitive,2,10,10,20,60,5,15.1,832,2,7.300000000000001,1,0,0,0,0
Owl,Primitive,3,10,10,20,60,5,6.9,420,2,1.0,0,0,1,0,0
Owl,Primitive,4,10,10,20,60,5,13.6,699,4,5.000000000000001,1,0,0,0,0
Owl,Primitive,5,10,10,20,60,5,14.0,730,4,5.6000000000000005,1,0,0,0,0
Owl,Primitive,6,10,10,20,60,5,12.7,705,1,5.300000000000001,1,0,0,0,0
Owl,Primitive,7,10,10,20,60,5,1.5,117,1,1.5,0,0,1,0,0
Owl,Primitive,8,10,10,20,60,5,12.6,697,1,6.5,1,0,0,0,0
Owl,Primitive,9,10,10,20,60,5,12.6,690,3,4.8,1,0,0,0,0
Owl,Primitive,10,10,10,20,60,5,8.4,477,3,3.4333333333333336,0,0,1,0,0
Owl,Primitive,11,10,10,20,60,5,17.2,795,6,5.65,1,0,0,0,0
Owl,Primitive,12,10,10,20,60,5,7.6,419,3,4.933333333333334,0,0,1,0,0
Owl,Primitive,13,10,10,20,60,5,15.0,734,4,6.1000000000000005,1,0,0,0,0
Owl,Primitive,14,10,10,20,60,5,9.4,513,3,4.633333333333334,0,0,1,0,1
Owl,Primitive,15,10,10,20,60,5,12.2,653,1,6.0,1,0,0,0,0
Owl,Primitive,16,10,10,20,60,5,12.6,727,6,5.233333333333333,1,0,0,0,0
Owl,Primitive,17,10,10,20,60,5,11.3,674,4,2.975,0,0,1,0,0
Owl,Primitive,18,10,10,20,60,5,12.5,673,2,6.0,1,0,0,0,0
Owl,Primitive,19,10,10,20,60,5,12.1,665,3,6.633333333333334,1,0,0,0,0
Owl,Primitive,20,10,10,20,60,5,11.7,646,3,4.633333333333334,1,0,0,0,0
Owl,Primitive,21,10,10,20,60,5,12.7,672,0,,1,0,0,0,0
Owl,Primitive,22,10,10,20,60,5,11.6,555,4,2.8,0,0,1,0,0
Owl,Primitive,23,10,10,20,60,5,16.8,787,3,6.900000000000001,0,0,1,0,0
Owl,Primitive,24,10,10,20,60,5,3.8,248,3,1.6000000000000003,0,0,1,0,0
Owl,Primitive,25,10,10,20,60,5,12.7,682,4,5.4,1,0,0,0,0
Owl,Primitive,26,10,10,20,60,5,2.2,134,1,2.2,0,0,1,0,0
Owl,Primitive,27,10,10,20,60,5,2.9000000000000004,185,1,1.3,0,0,1,0,0
Owl,Primitive,28,10,10,20,60,5,12.9,735,2,4.800000000000001,1,0,0,0,0
Owl,Primitive,29,10,10,20,60,5,11.2,666,1,7.7,1,0,0,0,0
Owl,Primitive,30,10,10,20,60,5,11.5,680,3,4.433333333333334,0,0,1,0,0
Owl,Primitive,31,10,10,20,60,5,3.2,202,1,1.4,0,0,1,0,0
Owl,Primitive,32,10,10,20,60,5,11.7,650,1,6.300000000000001,1,0,0,0,0
Owl,Primitive,33,10,10,20,60,5,11.6,662,2,4.050000000000001,1,0,0,0,0
Owl,Primitive,34,10,10,20,60,5,13.6,772,4,6.9750000000000005,1,0,0,0,0
Owl,Primitive,35,10,10,20,60,5,14.5,815,5,5.48,1,0,0,0,0
Owl,Primitive,36,10,10,20,60,5,0.7000000000000001,92,0,,0,0,1,0,0
Owl,Primitive,37,10,10,20,60,5,15.8,676,5,5.0,1,0,0,0,0
Owl,Primitive,38,10,10,20,60,5,0.2,38,1,0.2,0,0,1,0,0
Owl,Primitive,39,10,10,20,60,5,17.5,854,7,5.814285714285715,1,0,0,0,0
Owl,Primitive,40,10,10,20,60,5,12.5,647,2,5.65,1,0,0,0,0
Owl,Primitive,41,10,10,20,60,5,14.2,730,5,5.279999999999999,1,0,0,0,0
Owl,Primitive,42,10,10,20,60,5,6.7,388,2,2.1,0,1,0,0,0
Owl,Primitive,43,10,10,20,60,5,13.5,736,1,7.6,1,0,0,0,0
Owl,Primitive,44,10,10,20,60,5,17.5,803,4,5.65,1,0,0,0,0
Owl,Primitive,45,10,10,20,60,5,7.2,458,0,,0,0,1,0,0
Owl,Primitive,46,10,10,20,60,5,11.6,701,4,4.1000000000000005,0,0,1,0,0
Owl,Primitive,47,10,10,20,60,5,13.6,720,4,5.45,1,0,0,0,0
Owl,Primitive,48,10,10,20,60,5,4.1000000000000005,229,2,3.0000000000000004,0,0,1,0,0
Owl,Primitive,49,10,10,20,60,5,7.2,415,2,3.65,0,0,1,0,0
Owl,Primitive,50,10,10,20,60,5,12.9,661,4,6.05,1,0,0,0,0
Owl,Primitive,51,10,10,20,60,5,1.2000000000000002,79,1,1.2000000000000002,0,0,1,0,0
Owl,Primitive,52,10,10,20,60,5,14.2,746,4,5.525,1,0,0,0,0
Owl,Primitive,53,10,10,20,60,5,8.9,513,2,2.8,0,0,1,0,0
Owl,Primitive,54,10,10,20,60,5,12.0,695,3,6.966666666666666,0,0,1,0,0
Owl,Primitive,55,10,10,20,60,5,9.8,589,4,2.8000000000000007,0,0,1,0,0
Owl,Primitive,56,10,10,20,60,5,7.1000000000000005,439,3,2.9333333333333336,0,0,1,0,0
Owl,Primitive,57,10,10,20,60,5,5.1000000000000005,304,3,2.3666666666666667,0,0,1,0,0
Owl,Primitive,58,10,10,20,60,5,3.9,182,1,2.3000000000000003,0,0,1,0,0
Owl,Primitive,59,10,10,20,60,5,13.4,727,3,5.933333333333334,1,0,0,0,0
Owl,Primitive,0,10,10,40,60,5,8.6,518,2,3.0000000000000004,0,0,1,0,0
Owl,Primitive,1,10,10,40,60,5,14.0,729,3,5.500000000000001,1,0,0,0,0
Owl,Primitive,2,10,10,40,60,5,14.6,745,2,3.65,1,0,0,0,0
Owl,Primitive,3,10,10,40,60,5,11.2,644,5,3.5800000000000005,0,0,1,0,0
Owl,Primitive,4,10,10,40,60,5,4.3,284,1,1.1,0,0,1,0,0
Owl,Primitive,5,10,10,40,60,5,11.7,656,2,4.1000000000000005,1,0,0,0,0
Owl,Primitive,6,10,10,40,60,5,12.7,702,1,1.8,1,0,0,0,0
Owl,Primitive,7,10,10,40,60,5,1.1,97,1,1.1,0,0,1,0,0
Owl,Primitive,8,10,10,40,60,5,18.7,816,3,5.366666666666667,1,0,0,0,0
Owl,Primitive,9,10,10,40,60,5,15.0,771,4,4.550000000000001,1,0,0,0,0
Owl,Primitive,10,10,10,40,60,5,11.8,666,1,7.6,1,0,0,0,0
Owl,Primitive,11,10,10,40,60,5,2.7,158,4,2.0,0,0,1,0,0
Owl,Primitive,12,10,10,40,60,5,2.5,161,2,1.75,0,0,1,0,0
Owl,Primitive,13,10,10,40,60,5,11.7,645,3,3.4333333333333336,1,0,0,0,0
Owl,Primitive,14,10,10,40,60,5,12.9,645,7,5.357142857142857,1,0,0,0,0
Owl,Primitive,15,10,10,40,60,5,12.2,657,1,3.9,1,0,0,0,0
Owl,Primitive,16,10,10,40,60,5,18.5,968,4,6.500000000000001,1,0,0,0,0
Owl,Primitive,17,10,10,40,60,5,12.9,727,1,5.5,1,0,0,0,0
Owl,Primitive,18,10,10,40,60,5,13.8,744,2,4.800000000000001,1,0,0,0,0
Owl,Primitive,19,10,10,40,60,5,12.1,689,3,5.5,1,0,0,0,0
Owl,Primitive,20,10,10,40,60,5,5.9,354,3,1.8333333333333333,0,0,1,0,0
Owl,Primitive,21,10,10,40,60,5,13.6,712,2,5.65,1,0,0,0,0
Owl,Primitive,22,10,10,40,60,5,11.9,649,2,2.6500000000000004,0,0,1,0,0
Owl,Primitive,23,10,10,40,60,5,12.6,702,3,5.566666666666667,1,0,0,0,0
Owl,Primitive,24,10,10,40,60,5,11.7,632,2,5.450000000000001,1,0,0,0,0
Owl,Primitive,25,10,10,40,60,5,1.2000000000000002,101,1,1.2000000000000002,0,0,1,0,0
Owl,Primitive,26,10,10,40,60,5,12.6,719,2,7.0,1,0,0,0,0
Owl,Primitive,27,10,10,40,60,5,13.1,668,3,3.3000000000000003,0,0,1,0,0
Owl,Primitive,28,10,10,40,60,5,13.7,732,4,4.575,1,0,0,0,0
Owl,Primitive,29,10,10,40,60,5,9.8,612,3,1.9666666666666668,0,0,1,0,0
Owl,Primitive,30,10,10,40,60,5,12.3,723,2,2.7,1,0,0,0,0
Owl,Primitive,31,10,10,40,60,5,11.8,625,4,4.4,0,0,1,0,0
Owl,Primitive,32,10,10,40,60,5,17.5,802,3,7.633333333333334,1,0,0,0,0
Owl,Primitive,33,10,10,40,60,5,9.1,559,3,2.833333333333333,0,0,1,0,0
Owl,Primitive,34,10,10,40,60,5,7.0,389,5,3.900000000000001,0,0,1,0,0
Owl,Primitive,35,10,10,40,60,5,12.6,712,4,4.9,1,0,0,0,0
Owl,Primitive,36,10,10,40,60,5,0.5,74,0,,0,0,1,0,0
Owl,Primitive,37,10,10,40,60,5,0.6000000000000001,70,2,0.45,0,0,1,0,0
Owl,Primitive,38,10,10,40,60,5,0.1,24,1,0.1,0,0,1,0,0
Owl,Primitive,39,10,10,40,60,5,1.7000000000000002,121,2,0.85,0,0,1,0,0
Owl,Primitive,40,10,10,40,60,5,6.2,328,2,3.1,0,0,1,0,0
Owl,Primitive,41,10,10,40,60,5,11.8,662,2,9.3,0,0,1,0,0
Owl,Primitive,42,10,10,40,60,5,12.0,687,1,4.9,1,0,0,0,0
Owl,Primitive,43,10,10,40,60,5,11.7,673,1,2.2,1,0,0,0,0
Owl,Primitive,44,10,10,40,60,5,13.9,739,4,4.2,1,0,0,0,0
Owl,Primitive,45,10,10,40,60,5,9.8,568,2,3.2,0,0,1,0,0
Owl,Primitive,46,10,10,40,60,5,11.6,636,3,2.9333333333333336,0,0,1,0,0
Owl,Primitive,47,10,10,40,60,5,3.7,239,1,1.2000000000000002,0,0,1,0,0
Owl,Primitive,48,10,10,40,60,5,11.8,661,5,6.4,1,0,0,0,0
Owl,Primitive,49,10,10,40,60,5,13.0,718,1,2.4000000000000004,1,0,0,0,0
Owl,Primitive,50,10,10,40,60,5,11.7,648,3,3.766666666666667,1,0,0,0,0
Owl,Primitive,51,10,10,40,60,5,12.6,645,2,8.0,1,0,0,0,0
Owl,Primitive,52,10,10,40,60,5,4.6000000000000005,301,3,0.7333333333333334,0,0,1,0,0
Owl,Primitive,53,10,10,40,60,5,11.9,693,2,3.1,1,0,0,0,0
Owl,Primitive,54,10,10,40,60,5,12.2,694,4,6.700000000000001,1,0,0,0,0
Owl,Primitive,55,10,10,40,60,5,10.6,640,2,2.35,0,0,1,0,0
Owl,Primitive,56,10,10,40,60,5,11.7,679,0,,1,0,0,0,0
Owl,Primitive,57,10,10,40,60,5,0.8,69,1,0.5,0,0,1,0,0
Owl,Primitive,58,10,10,40,60,5,15.5,794,4,4.75,1,0,0,0,0
Owl,Primitive,59,10,10,40,60,5,4.7,285,1,4.7,0,0,1,0,0
Owl,Primitive,0,10,10,60,60,5,15.5,916,5,4.460000000000001,1,0,0,0,0
Owl,Primitive,1,10,10,60,60,5,14.3,723,6,4.233333333333333,1,0,0,0,0
Owl,Primitive,2,10,10,60,60,5,14.0,691,5,4.140000000000001,1,0,0,0,0
Owl,Primitive,3,10,10,60,60,5,15.8,849,4,4.375,1,0,0,0,0
Owl,Primitive,4,10,10,60,60,5,15.3,835,6,4.250000000000001,1,0,0,0,0
Owl,Primitive,5,10,10,60,60,5,8.6,517,1,1.0,0,0,1,0,0
Owl,Primitive,6,10,10,60,60,5,12.7,713,2,4.45,1,0,0,0,0
Owl,Primitive,7,10,10,60,60,5,14.6,670,2,6.4,1,0,0,0,0
Owl,Primitive,8,10,10,60,60,5,5.1000000000000005,335,2,1.35,0,0,1,0,0
Owl,Primitive,9,10,10,60,60,5,1.5,102,2,1.0,0,0,1,0,0
Owl,Primitive,10,10,10,60,60,5,15.7,790,3,7.066666666666667,0,0,1,0,0
Owl,Primitive,11,10,10,60,60,5,3.6,211,3,3.4,0,0,1,0,0
Owl,Primitive,12,10,10,60,60,5,2.1,152,2,1.4500000000000002,0,0,1,0,0
Owl,Primitive,13,10,10,60,60,5,8.9,519,2,1.5,0,0,1,0,0
Owl,Primitive,14,10,10,60,60,5,2.2,156,3,1.3333333333333333,0,0,1,0,0
Owl,Primitive,15,10,10,60,60,5,12.2,660,1,3.8,1,0,0,0,0
Owl,Primitive,16,10,10,60,60,5,12.6,645,3,4.2,1,0,0,0,0
Owl,Primitive,17,10,10,60,60,5,12.6,708,1,4.0,1,0,0,0,0
Owl,Primitive,18,10,10,60,60,5,13.9,713,5,4.82,1,0,0,0,0
Owl,Primitive,19,10,10,60,60,5,5.4,335,2,2.5,0,0,1,0,0
Owl,Primitive,20,10,10,60,60,5,13.8,698,4,4.425000000000001,1,0,0,0,0
Owl,Primitive,21,10,10,60,60,5,12.7,700,2,5.300000000000001,1,0,0,0,0
Owl,Primitive,22,10,10,60,60,5,5.6000000000000005,307,2,2.85,0,0,0,0,1
Owl,Primitive,23,10,10,60,60,5,11.8,678,3,4.7,1,0,0,0,0
Owl,Primitive,24,10,10,60,60,5,12.5,688,1,1.9,1,0,0,0,0
Owl,Primitive,25,10,10,60,60,5,0.9,94,1,0.9,0,0,1,0,0
Owl,Primitive,26,10,10,60,60,5,17.0,895,7,5.071428571428571,1,0,0,0,0
Owl,Primitive,27,10,10,60,60,5,6.4,392,2,3.2,0,0,1,0,0
Owl,Primitive,28,10,10,60,60,5,10.9,624,4,2.7500000000000004,0,0,1,0,0
Owl,Primitive,29,10,10,60,60,5,11.7,677,1,3.5,1,0,0,0,0
Owl,Primitive,30,10,10,60,60,5,11.7,686,2,3.2,0,0,1,0,0
Owl,Primitive,31,10,10,60,60,5,12.5,698,7,3.6142857142857134,1,0,1,0,0
Owl,Primitive,32,10,10,60,60,5,11.7,651,0,,1,0,0,0,0
Owl,Primitive,33,10,10,60,60,5,11.6,668,2,3.15,1,0,0,0,0
Owl,Primitive,34,10,10,60,60,5,13.3,671,8,5.8375,1,0,0,0,0
Owl,Primitive,35,10,10,60,60,5,13.7,714,4,4.500000000000001,1,0,0,0,0
Owl,Primitive,36,10,10,60,60,5,0.4,69,1,0.1,0,0,1,0,0
Owl,Primitive,37,10,10,60,60,5,0.5,59,2,0.4,0,0,1,0,0
Owl,Primitive,38,10,10,60,60,5,0.1,19,1,0.1,0,0,1,0,0
Owl,Primitive,39,10,10,60,60,5,1.5,101,1,1.4,0,0,1,0,0
Owl,Primitive,40,10,10,60,60,5,12.2,646,3,5.333333333333333,1,0,0,0,0
Owl,Primitive,41,10,10,60,60,5,4.3,270,3,2.733333333333334,0,0,1,0,0
Owl,Primitive,42,10,10,60,60,5,11.7,669,3,1.6666666666666667,1,0,0,0,0
Owl,Primitive,43,10,10,60,60,5,7.2,461,2,1.85,0,0,1,0,0
Owl,Primitive,44,10,10,60,60,5,2.2,153,1,1.0,0,0,1,0,0
Owl,Primitive,45,10,10,60,60,5,9.6,571,3,1.8,0,0,1,0,0
Owl,Primitive,46,10,10,60,60,5,12.6,702,4,4.3500000000000005,1,0,0,0,0
Owl,Primitive,47,10,10,60,60,5,17.1,721,5,4.640000000000001,0,0,0,0,1
Owl,Primitive,48,10,10,60,60,5,5.4,337,3,2.3000000000000003,0,0,1,0,0
Owl,Primitive,49,10,10,60,60,5,13.1,715,1,4.1000000000000005,1,0,0,0,0
Owl,Primitive,50,10,10,60,60,5,11.7,648,1,3.8,1,0,0,0,0
Owl,Primitive,51,10,10,60,60,5,14.3,744,10,0.68,1,0,0,0,0
Owl,Primitive,52,10,10,60,60,5,4.5,304,3,1.0666666666666669,0,0,1,0,0
Owl,Primitive,53,10,10,60,60,5,5.7,341,4,2.9250000000000003,0,1,0,0,0
Owl,Primitive,54,10,10,60,60,5,6.6000000000000005,415,5,2.34,0,0,1,0,0
Owl,Primitive,55,10,10,60,60,5,10.7,628,3,2.1666666666666665,0,0,1,0,0
Owl,Primitive,56,10,10,60,60,5,11.1,649,3,3.0,0,0,1,0,0
Owl,Primitive,57,10,10,60,60,5,0.5,62,1,0.2,0,0,1,0,0
Owl,Primitive,58,10,10,60,60,5,14.9,785,4,3.3500000000000005,1,0,0,0,0
Owl,Primitive,59,10,10,60,60,5,11.3,587,3,7.400000000000001,0,1,0,0,0
Owl,Primitive,0,20,10,20,60,5,12.3,711,4,3.925,0,0,1,0,0
Owl,Primitive,1,20,10,20,60,5,13.5,741,6,5.650000000000001,0,0,1,0,0
Owl,Primitive,2,20,10,20,60,5,11.4,604,8,3.4375000000000004,0,0,1,0,0
Owl,Primitive,3,20,10,20,60,5,11.7,670,3,4.766666666666667,1,0,0,0,0
Owl,Primitive,4,20,10,20,60,5,7.7,482,2,0.7000000000000001,0,0,1,0,0
Owl,Primitive,5,20,10,20,60,5,3.6,243,1,1.0,0,0,1,0,0
Owl,Primitive,6,20,10,20,60,5,13.5,731,7,4.257142857142858,1,0,0,0,0
Owl,Primitive,7,20,10,20,60,5,1.4,115,1,1.4,0,0,1,0,0
Owl,Primitive,8,20,10,20,60,5,14.2,716,7,5.214285714285714,1,0,0,0,0
Owl,Primitive,9,20,10,20,60,5,15.0,730,7,5.214285714285714,0,0,1,0,0
Owl,Primitive,10,20,10,20,60,5,6.6000000000000005,376,4,2.75,0,0,0,0,1
Owl,Primitive,11,20,10,20,60,5,0.9,75,1,0.9,0,0,0,0,1
Owl,Primitive,12,20,10,20,60,5,16.6,873,9,4.944444444444445,1,0,0,0,0
Owl,Primitive,13,20,10,20,60,5,2.6,152,3,1.4,0,0,1,0,0
Owl,Primitive,14,20,10,20,60,5,18.3,862,7,5.271428571428571,1,0,0,0,0
Owl,Primitive,15,20,10,20,60,5,13.9,765,3,7.400000000000001,1,0,0,0,0
Owl,Primitive,16,20,10,20,60,5,15.6,763,8,5.675,1,0,0,0,0
Owl,Primitive,17,20,10,20,60,5,15.0,809,6,4.533333333333333,1,0,0,0,0
Owl,Primitive,18,20,10,20,60,5,7.6,462,4,3.2500000000000004,0,0,1,0,0
Owl,Primitive,19,20,10,20,60,5,11.2,500,5,4.92,0,1,0,0,0
Owl,Primitive,20,20,10,20,60,5,11.7,654,2,2.4000000000000004,1,0,0,0,0
Owl,Primitive,21,20,10,20,60,5,11.9,664,3,4.733333333333333,0,0,1,0,0
Owl,Primitive,22,20,10,20,60,5,13.3,724,3,5.0,1,0,0,0,0
Owl,Primitive,23,20,10,20,60,5,1.7000000000000002,103,1,1.7000000000000002,0,0,1,0,0
Owl,Primitive,24,20,10,20,60,5,3.8,261,2,2.1,0,0,1,0,0
Owl,Primitive,25,20,10,20,60,5,7.7,475,5,3.0000000000000004,0,0,1,0,0
Owl,Primitive,26,20,10,20,60,5,8.700000000000001,490,6,2.85,0,0,1,0,0
Owl,Primitive,27,20,10,20,60,5,0.6000000000000001,60,2,0.6000000000000001,0,0,0,0,1
Owl,Primitive,28,20,10,20,60,5,14.8,712,6,5.166666666666667,1,0,0,0,0
Owl,Primitive,29,20,10,20,60,5,6.0,249,5,3.7,0,0,1,0,0
Owl,Primitive,30,20,10,20,60,5,12.3,710,5,5.42,1,0,0,0,0
Owl,Primitive,31,20,10,20,60,5,3.2,205,3,0.9333333333333336,0,0,1,0,0
Owl,Primitive,32,20,10,20,60,5,14.5,711,6,4.916666666666667,1,0,0,0,0
Owl,Primitive,33,20,10,20,60,5,7.1000000000000005,412,3,3.5666666666666664,0,1,0,0,0
Owl,Primitive,34,20,10,20,60,5,3.8,258,3,2.1333333333333333,0,0,1,0,0
Owl,Primitive,35,20,10,20,60,5,9.5,500,6,3.633333333333333,0,0,1,0,0
Owl,Primitive,36,20,10,20,60,5,0.5,74,0,,0,0,1,0,0
Owl,Primitive,37,20,10,20,60,5,1.1,87,3,0.8666666666666668,0,0,1,0,0
Owl,Primitive,38,20,10,20,60,5,0.2,38,1,0.2,0,0,1,0,0
Owl,Primitive,39,20,10,20,60,5,5.9,364,4,3.0500000000000003,0,0,1,0,0
Owl,Primitive,40,20,10,20,60,5,7.1000000000000005,358,4,4.95,0,1,0,0,0
Owl,Primitive,41,20,10,20,60,5,11.6,629,5,4.680000000000001,1,0,0,0,0
Owl,Primitive,42,20,10,20,60,5,3.5,236,1,1.7000000000000002,0,0,1,0,0
Owl,Primitive,43,20,10,20,60,5,11.6,680,7,4.514285714285714,0,0,1,0,0
Owl,Primitive,44,20,10,20,60,5,17.3,796,4,5.9750000000000005,1,0,0,0,0
Owl,Primitive,45,20,10,20,60,5,5.7,363,2,2.35,0,0,1,0,0
Owl,Primitive,46,20,10,20,60,5,7.1000000000000005,413,6,3.0500000000000003,0,0,1,0,0
Owl,Primitive,47,20,10,20,60,5,12.7,715,4,4.775,1,0,0,0,0
Owl,Primitive,48,20,10,20,60,5,3.4000000000000004,213,3,1.7333333333333336,0,0,1,0,0
Owl,Primitive,49,20,10,20,60,5,2.7,152,3,1.3666666666666665,0,0,1,0,0
Owl,Primitive,50,20,10,20,60,5,13.3,673,9,4.511111111111111,1,0,0,0,0
Owl,Primitive,51,20,10,20,60,5,0.5,43,2,0.3,0,0,1,0,0
Owl,Primitive,52,20,10,20,60,5,8.3,479,3,3.4333333333333336,0,0,1,0,0
Owl,Primitive,53,20,10,20,60,5,12.3,684,6,4.866666666666666,1,0,0,0,0
Owl,Primitive,54,20,10,20,60,5,5.800000000000001,322,5,3.6800000000000006,0,0,1,0,0
Owl,Primitive,55,20,10,20,60,5,13.5,671,7,5.314285714285715,1,0,0,0,0
Owl,Primitive,56,20,10,20,60,5,2.3000000000000003,145,1,1.2000000000000002,0,0,1,0,0
Owl,Primitive,57,20,10,20,60,5,9.6,527,4,5.125,0,1,0,0,0
Owl,Primitive,58,20,10,20,60,5,12.4,669,8,4.15,0,0,1,0,0
Owl,Primitive,59,20,10,20,60,5,7.0,422,4,2.6750000000000003,0,0,1,0,0
Owl,Primitive,0,20,10,40,60,5,4.9,306,2,2.95,0,0,1,0,0
Owl,Primitive,1,20,10,40,60,5,5.6000000000000005,348,3,2.2,0,0,1,0,0
Owl,Primitive,2,20,10,40,60,5,5.1000000000000005,308,1,1.1,0,0,1,0,0
Owl,Primitive,3,20,10,40,60,5,7.9,489,2,2.45,0,0,1,0,0
Owl,Primitive,4,20,10,40,60,5,7.4,454,3,2.9000000000000004,0,0,1,0,0
Owl,Primitive,5,20,10,40,60,5,7.300000000000001,444,3,2.7000000000000006,0,0,1,0,0
Owl,Primitive,6,20,10,40,60,5,2.0,126,2,1.4,0,0,1,0,0
Owl,Primitive,7,20,10,40,60,5,2.5,119,2,1.45,0,0,1,0,0
Owl,Primitive,8,20,10,40,60,5,7.4,440,7,2.257142857142857,0,0,1,0,0
Owl,Primitive,9,20,10,40,60,5,13.6,728,6,3.8000000000000007,1,0,0,0,0
Owl,Primitive,10,20,10,40,60,5,0.9,76,1,0.9,0,0,1,0,0
Owl,Primitive,11,20,10,40,60,5,14.4,667,5,4.96,0,1,0,0,0
Owl,Primitive,12,20,10,40,60,5,2.6,167,1,1.1,0,0,1,0,0
Owl,Primitive,13,20,10,40,60,5,16.400000000000002,743,8,4.7125,1,0,0,0,0
Owl,Primitive,14,20,10,40,60,5,13.8,718,6,4.866666666666667,1,0,0,0,0
Owl,Primitive,15,20,10,40,60,5,12.2,659,3,3.6666666666666665,1,0,0,0,0
Owl,Primitive,16,20,10,40,60,5,2.5,159,4,1.125,0,0,1,0,0
Owl,Primitive,17,20,10,40,60,5,9.6,590,3,1.6000000000000003,0,0,1,0,0
Owl,Primitive,18,20,10,40,60,5,11.7,662,6,2.4166666666666665,1,0,0,0,0
Owl,Primitive,19,20,10,40,60,5,4.2,268,3,1.7666666666666666,0,0,1,0,0
Owl,Primitive,20,20,10,40,60,5,11.7,644,2,4.7,1,0,0,0,0
Owl,Primitive,21,20,10,40,60,5,11.3,690,6,3.4166666666666665,0,0,1,0,0
Owl,Primitive,22,20,10,40,60,5,13.7,656,7,3.5142857142857147,0,0,1,0,0
Owl,Primitive,23,20,10,40,60,5,17.5,851,7,5.185714285714286,1,0,0,0,0
Owl,Primitive,24,20,10,40,60,5,10.1,556,9,3.4444444444444446,0,0,1,0,0
Owl,Primitive,25,20,10,40,60,5,1.3,101,2,1.1,0,0,1,0,0
Owl,Primitive,26,20,10,40,60,5,5.4,310,4,2.9000000000000004,0,0,1,0,0
Owl,Primitive,27,20,10,40,60,5,0.6000000000000001,72,2,0.6000000000000001,0,0,0,0,1
Owl,Primitive,28,20,10,40,60,5,13.2,596,5,2.16,0,0,1,0,0
Owl,Primitive,29,20,10,40,60,5,15.3,789,6,6.033333333333334,1,0,0,0,0
Owl,Primitive,30,20,10,40,60,5,14.3,725,10,5.21,1,0,0,0,0
Owl,Primitive,31,20,10,40,60,5,12.8,692,5,5.4,1,0,0,0,0
Owl,Primitive,32,20,10,40,60,5,4.3,265,2,1.35,0,0,1,0,0
Owl,Primitive,33,20,10,40,60,5,12.8,724,5,4.720000000000001,1,0,0,0,0
Owl,Primitive,34,20,10,40,60,5,12.3,686,5,5.040000000000001,1,0,0,0,0
Owl,Primitive,35,20,10,40,60,5,13.7,728,7,4.9,1,0,0,0,0
Owl,Primitive,36,20,10,40,60,5,0.3,63,1,0.2,0,0,1,0,0
Owl,Primitive,37,20,10,40,60,5,0.7000000000000001,77,3,0.4333333333333334,0,0,1,0,0
Owl,Primitive,38,20,10,40,60,5,0.1,24,1,0.1,0,0,1,0,0
Owl,Primitive,39,20,10,40,60,5,11.9,712,10,3.08,0,0,1,0,0
Owl,Primitive,40,20,10,40,60,5,2.4000000000000004,141,3,1.866666666666667,0,0,1,0,0
Owl,Primitive,41,20,10,40,60,5,5.2,304,2,3.0,0,0,1,0,0
Owl,Primitive,42,20,10,40,60,5,5.0,269,2,2.3000000000000003,0,0,1,0,0
Owl,Primitive,43,20,10,40,60,5,12.6,688,6,5.133333333333334,0,0,0,0,1
Owl,Primitive,44,20,10,40,60,5,13.9,743,0,,1,0,0,0,0
Owl,Primitive,45,20,10,40,60,5,14.3,696,6,4.933333333333334,1,0,0,0,0
Owl,Primitive,46,20,10,40,60,5,16.400000000000002,888,5,4.840000000000001,1,0,0,0,0
Owl,Primitive,47,20,10,40,60,5,12.4,712,2,5.0,1,0,0,0,0
Owl,Primitive,48,20,10,40,60,5,2.8000000000000003,176,2,1.95,0,0,1,0,0
Owl,Primitive,49,20,10,40,60,5,2.1,124,2,1.5,0,0,1,0,0
Owl,Primitive,50,20,10,40,60,5,4.800000000000001,297,2,2.7,0,0,1,0,0
Owl,Primitive,51,20,10,40,60,5,0.3,41,1,0.3,0,0,1,0,0
Owl,Primitive,52,20,10,40,60,5,6.800000000000001,422,2,2.75,0,0,1,0,0
Owl,Primitive,53,20,10,40,60,5,7.7,456,3,2.2,0,0,1,0,0
Owl,Primitive,54,20,10,40,60,5,2.0,136,3,1.1666666666666667,0,0,1,0,0
Owl,Primitive,55,20,10,40,60,5,2.7,149,1,1.0,0,0,1,0,0
Owl,Primitive,56,20,10,40,60,5,2.0,131,1,1.5,0,0,1,0,0
Owl,Primitive,57,20,10,40,60,5,10.9,622,7,4.514285714285714,0,0,1,0,0
Owl,Primitive,58,20,10,40,60,5,6.300000000000001,351,1,1.5,0,0,1,0,0
Owl,Primitive,59,20,10,40,60,5,13.7,686,6,4.65,1,0,0,0,0
Owl,Primitive,0,20,10,60,60,5,15.3,705,5,4.2,0,0,1,0,0
Owl,Primitive,1,20,10,60,60,5,10.8,623,6,2.4666666666666672,0,0,1,0,0
Owl,Primitive,2,20,10,60,60,5,13.6,675,6,2.766666666666667,0,0,1,0,0
Owl,Primitive,3,20,10,60,60,5,7.0,424,3,2.1666666666666665,0,0,1,0,0
Owl,Primitive,4,20,10,60,60,5,14.4,782,7,4.528571428571429,1,0,0,0,0
Owl,Primitive,5,20,10,60,60,5,4.2,281,2,1.65,0,0,1,0,0
Owl,Primitive,6,20,10,60,60,5,1.7000000000000002,122,2,1.15,0,0,1,0,0
Owl,Primitive,7,20,10,60,60,5,2.8000000000000003,119,3,1.5666666666666669,0,0,1,0,0
Owl,Primitive,8,20,10,60,60,5,9.5,536,7,4.185714285714286,0,1,0,0,0
Owl,Primitive,9,20,10,60,60,5,2.4000000000000004,161,2,2.1500000000000004,0,0,1,0,0
Owl,Primitive,10,20,10,60,60,5,0.6000000000000001,65,1,0.6000000000000001,0,0,1,0,0
Owl,Primitive,11,20,10,60,60,5,13.1,707,7,5.342857142857143,1,0,0,0,0
Owl,Primitive,12,20,10,60,60,5,6.800000000000001,372,6,2.6833333333333336,0,0,1,0,0
Owl,Primitive,13,20,10,60,60,5,15.4,712,8,4.7125,1,0,0,0,0
Owl,Primitive,14,20,10,60,60,5,1.5,113,3,1.4,0,0,1,0,0
Owl,Primitive,15,20,10,60,60,5,13.2,668,2,4.050000000000001,1,0,0,0,0
Owl,Primitive,16,20,10,60,60,5,2.0,131,3,1.0666666666666669,0,0,1,0,0
Owl,Primitive,17,20,10,60,60,5,12.9,726,2,4.9,1,0,0,0,0
Owl,Primitive,18,20,10,60,60,5,8.8,554,3,2.9000000000000004,0,0,1,0,0
Owl,Primitive,19,20,10,60,60,5,3.5,233,4,2.0,0,0,1,0,0
Owl,Primitive,20,20,10,60,60,5,5.1000000000000005,322,2,3.7,0,0,1,0,0
Owl,Primitive,21,20,10,60,60,5,5.9,371,2,1.5,0,0,1,0,0
Owl,Primitive,22,20,10,60,60,5,0.6000000000000001,65,2,0.6000000000000001,0,0,0,0,1
Owl,Primitive,23,20,10,60,60,5,11.7,674,5,4.4,1,0,0,0,0
Owl,Primitive,24,20,10,60,60,5,7.4,458,5,3.3800000000000003,0,0,1,0,0
Owl,Primitive,25,20,10,60,60,5,13.3,755,7,2.357142857142857,1,0,0,0,0
Owl,Primitive,26,20,10,60,60,5,8.700000000000001,540,6,3.4666666666666663,0,0,1,0,0
Owl,Primitive,27,20,10,60,60,5,13.1,729,7,4.628571428571428,1,0,0,0,0
Owl,Primitive,28,20,10,60,60,5,2.3000000000000003,168,2,0.8500000000000001,0,0,1,0,0
Owl,Primitive,29,20,10,60,60,5,5.0,310,5,2.8600000000000003,0,0,1,0,0
Owl,Primitive,30,20,10,60,60,5,1.3,89,2,1.15,0,0,1,0,0
Owl,Primitive,31,20,10,60,60,5,2.7,177,4,0.8500000000000001,0,0,1,0,0
Owl,Primitive,32,20,10,60,60,5,5.4,316,4,2.325,0,0,1,0,0
Owl,Primitive,33,20,10,60,60,5,7.4,418,6,3.8333333333333335,0,0,1,0,0
Owl,Primitive,34,20,10,60,60,5,5.300000000000001,349,4,2.7750000000000004,0,0,1,0,0
Owl,Primitive,35,20,10,60,60,5,11.7,669,5,4.0600000000000005,1,0,0,0,0
Owl,Primitive,36,20,10,60,60,5,0.2,57,1,0.2,0,0,1,0,0
Owl,Primitive,37,20,10,60,60,5,0.6000000000000001,70,3,0.3666666666666667,0,0,1,0,0
Owl,Primitive,38,20,10,60,60,5,0.1,19,1,0.1,0,0,1,0,0
Owl,Primitive,39,20,10,60,60,5,12.6,720,7,4.000000000000001,1,0,0,0,0
Owl,Primitive,40,20,10,60,60,5,6.4,372,7,2.9571428571428577,0,0,1,0,0
Owl,Primitive,41,20,10,60,60,5,1.7000000000000002,107,2,1.05,0,0,0,0,1
Owl,Primitive,42,20,10,60,60,5,5.5,341,5,1.84,0,0,1,0,0
Owl,Primitive,43,20,10,60,60,5,11.7,643,4,4.050000000000001,1,0,0,0,0
Owl,Primitive,44,20,10,60,60,5,6.4,401,1,1.3,0,0,1,0,0
Owl,Primitive,45,20,10,60,60,5,13.5,681,6,4.416666666666667,1,0,0,0,0
Owl,Primitive,46,20,10,60,60,5,12.0,680,5,4.6000000000000005,1,0,0,0,0
Owl,Primitive,47,20,10,60,60,5,4.2,261,4,0.925,0,0,1,0,0
Owl,Primitive,48,20,10,60,60,5,7.9,466,5,3.22,0,0,1,0,0
Owl,Primitive,49,20,10,60,60,5,1.6,113,1,0.7000000000000001,0,0,1,0,0
Owl,Primitive,50,20,10,60,60,5,6.7,390,5,2.2,0,0,1,0,0
Owl,Primitive,51,20,10,60,60,5,0.2,42,1,0.2,0,0,1,0,0
Owl,Primitive,52,20,10,60,60,5,16.3,798,6,3.7833333333333337,1,0,0,0,0
Owl,Primitive,53,20,10,60,60,5,10.9,638,4,1.5,0,0,1,0,0
Owl,Primitive,54,20,10,60,60,5,1.7000000000000002,115,2,1.3,0,0,1,0,0
Owl,Primitive,55,20,10,60,60,5,3.0,150,1,1.6,0,0,0,0,1
Owl,Primitive,56,20,10,60,60,5,6.5,395,3,1.366666666666667,0,0,1,0,0
Owl,Primitive,57,20,10,60,60,5,4.800000000000001,285,5,2.64,0,0,1,0,0
Owl,Primitive,58,20,10,60,60,5,11.2,558,5,3.8400000000000007,0,0,1,0,0
Owl,Primitive,59,20,10,60,60,5,11.3,578,6,4.283333333333334,0,1,0,0,0
Owl,Primitive,0,30,10,20,60,5,7.800000000000001,449,4,3.875,0,0,1,0,0
Owl,Primitive,1,30,10,20,60,5,13.4,797,8,5.2,1,0,0,0,0
Owl,Primitive,2,30,10,20,60,5,10.7,566,5,3.5400000000000005,0,0,1,0,0
Owl,Primitive,3,30,10,20,60,5,13.3,737,9,4.833333333333333,0,0,1,0,0
Owl,Primitive,4,30,10,20,60,5,4.5,281,2,3.25,0,0,1,0,0
Owl,Primitive,5,30,10,20,60,5,17.400000000000002,797,12,4.991666666666666,0,0,1,0,0
Owl,Primitive,6,30,10,20,60,5,19.6,814,11,6.745454545454547,1,0,0,0,0
Owl,Primitive,7,30,10,20,60,5,1.5,117,1,1.5,0,0,1,0,0
Owl,Primitive,8,30,10,20,60,5,4.9,297,3,2.2333333333333334,0,0,1,0,0
Owl,Primitive,9,30,10,20,60,5,1.2000000000000002,100,2,1.2000000000000002,0,0,1,0,0
Owl,Primitive,10,30,10,20,60,5,14.8,742,12,4.941666666666667,1,0,0,0,0
Owl,Primitive,11,30,10,20,60,5,0.5,50,2,0.5,0,0,1,0,0
Owl,Primitive,12,30,10,20,60,5,14.1,768,10,5.44,1,0,0,0,0
Owl,Primitive,13,30,10,20,60,5,13.9,690,12,4.941666666666667,0,0,1,0,0
Owl,Primitive,14,30,10,20,60,5,1.7000000000000002,97,3,1.5,0,0,1,0,0
Owl,Primitive,15,30,10,20,60,5,3.2,228,2,1.25,0,0,1,0,0
Owl,Primitive,16,30,10,20,60,5,5.2,296,6,2.9500000000000006,0,0,1,0,0
Owl,Primitive,17,30,10,20,60,5,14.0,698,12,4.425,0,0,1,0,0
Owl,Primitive,18,30,10,20,60,5,10.1,552,9,4.922222222222223,0,0,0,0,1
Owl,Primitive,19,30,10,20,60,5,12.1,638,8,5.15,1,0,0,0,0
Owl,Primitive,20,30,10,20,60,5,13.7,681,7,4.2,1,0,0,0,0
Owl,Primitive,21,30,10,20,60,5,7.2,415,6,2.7666666666666675,0,0,1,0,0
Owl,Primitive,22,30,10,20,60,5,0.7000000000000001,65,2,0.7000000000000001,0,0,1,0,0
Owl,Primitive,23,30,10,20,60,5,0.8,73,1,0.8,0,0,1,0,0
Owl,Primitive,24,30,10,20,60,5,3.8,261,3,2.9333333333333336,0,0,1,0,0
Owl,Primitive,25,30,10,20,60,5,2.0,129,2,1.7000000000000002,0,0,1,0,0
Owl,Primitive,26,30,10,20,60,5,1.3,92,3,1.3,0,0,1,0,0
Owl,Primitive,27,30,10,20,60,5,0.3,32,2,0.3,0,0,1,0,0
Owl,Primitive,28,30,10,20,60,5,12.4,683,11,4.945454545454545,1,0,0,0,0
Owl,Primitive,29,30,10,20,60,5,5.0,336,6,2.2,0,0,1,0,0
Owl,Primitive,30,30,10,20,60,5,5.2,317,5,3.12,0,0,1,0,0
Owl,Primitive,31,30,10,20,60,5,3.3000000000000003,212,4,1.8,0,0,1,0,0
Owl,Primitive,32,30,10,20,60,5,3.0,184,1,1.7000000000000002,0,0,1,0,0
Owl,Primitive,33,30,10,20,60,5,13.7,720,8,4.95,1,0,0,0,0
Owl,Primitive,34,30,10,20,60,5,6.5,371,5,2.76,0,0,1,0,0
Owl,Primitive,35,30,10,20,60,5,6.800000000000001,397,7,3.042857142857143,0,0,1,0,0
Owl,Primitive,36,30,10,20,60,5,0.4,69,0,,0,0,1,0,0
Owl,Primitive,37,30,10,20,60,5,1.1,88,3,0.8666666666666668,0,0,1,0,0
Owl,Primitive,38,30,10,20,60,5,0.2,38,1,0.2,0,0,1,0,0
Owl,Primitive,39,30,10,20,60,5,6.2,381,4,3.5500000000000003,0,0,1,0,0
Owl,Primitive,40,30,10,20,60,5,10.3,374,6,5.75,0,0,1,0,0
Owl,Primitive,41,30,10,20,60,5,12.6,601,8,4.75,0,0,1,0,0
Owl,Primitive,42,30,10,20,60,5,11.7,656,6,3.600000000000001,1,0,0,0,0
Owl,Primitive,43,30,10,20,60,5,12.7,699,8,4.4,0,0,1,0,0
Owl,Primitive,44,30,10,20,60,5,4.7,302,3,2.2,0,0,1,0,0
Owl,Primitive,45,30,10,20,60,5,6.9,381,6,3.6,0,0,1,0,0
Owl,Primitive,46,30,10,20,60,5,9.2,508,5,4.040000000000001,0,0,0,0,1
Owl,Primitive,47,30,10,20,60,5,3.8,231,2,2.6500000000000004,0,0,1,0,0
Owl,Primitive,48,30,10,20,60,5,1.4,91,3,1.4,0,0,1,0,0
Owl,Primitive,49,30,10,20,60,5,15.2,815,13,5.007692307692308,1,0,0,0,0
Owl,Primitive,50,30,10,20,60,5,11.5,656,9,4.622222222222223,1,0,0,0,0
Owl,Primitive,51,30,10,20,60,5,13.2,654,15,4.840000000000001,0,1,0,0,0
Owl,Primitive,52,30,10,20,60,5,2.5,141,1,1.4,0,0,1,0,0
Owl,Primitive,53,30,10,20,60,5,3.3000000000000003,229,4,0.8999999999999999,0,0,1,0,0
Owl,Primitive,54,30,10,20,60,5,6.4,357,8,3.5,0,0,1,0,0
Owl,Primitive,55,30,10,20,60,5,7.300000000000001,390,5,3.98,0,0,1,0,0
Owl,Primitive,56,30,10,20,60,5,1.6,97,2,1.6,0,0,1,0,0
Owl,Primitive,57,30,10,20,60,5,12.4,659,6,5.05,1,0,0,0,0
Owl,Primitive,58,30,10,20,60,5,11.4,615,7,4.014285714285715,0,0,1,0,0
Owl,Primitive,59,30,10,20,60,5,7.300000000000001,417,6,3.65,0,0,1,0,0
Owl,Primitive,0,30,10,40,60,5,15.6,709,13,4.530769230769231,0,0,1,0,0
Owl,Primitive,1,30,10,40,60,5,4.1000000000000005,256,3,2.4333333333333336,0,0,1,0,0
Owl,Primitive,2,30,10,40,60,5,10.1,552,4,3.625,0,0,1,0,0
Owl,Primitive,3,30,10,40,60,5,2.3000000000000003,150,3,1.4666666666666668,0,0,1,0,0
Owl,Primitive,4,30,10,40,60,5,15.5,755,9,5.922222222222222,1,0,0,0,0
Owl,Primitive,5,30,10,40,60,5,17.6,838,7,5.271428571428572,1,0,0,0,0
Owl,Primitive,6,30,10,40,60,5,2.2,135,2,1.55,0,0,1,0,0
Owl,Primitive,7,30,10,40,60,5,1.2000000000000002,97,1,1.2000000000000002,0,0,1,0,0
Owl,Primitive,8,30,10,40,60,5,6.0,330,6,3.2,0,0,1,0,0
Owl,Primitive,9,30,10,40,60,5,7.800000000000001,392,4,3.875,0,0,1,0,0
Owl,Primitive,10,30,10,40,60,5,7.7,453,6,3.4166666666666674,0,1,0,0,0
Owl,Primitive,11,30,10,40,60,5,0.3,36,2,0.3,0,0,1,0,0
Owl,Primitive,12,30,10,40,60,5,7.5,426,7,3.3000000000000003,0,0,1,0,0
Owl,Primitive,13,30,10,40,60,5,2.1,118,2,1.4,0,0,1,0,0
Owl,Primitive,14,30,10,40,60,5,1.2000000000000002,99,3,1.0000000000000002,0,0,1,0,0
Owl,Primitive,15,30,10,40,60,5,11.2,602,6,3.3833333333333333,0,0,0,0,1
Owl,Primitive,16,30,10,40,60,5,12.0,646,11,4.300000000000001,0,0,1,0,0
Owl,Primitive,17,30,10,40,60,5,18.4,764,6,6.366666666666667,1,0,0,0,0
Owl,Primitive,18,30,10,40,60,5,7.300000000000001,452,7,3.771428571428572,0,0,1,0,0
Owl,Primitive,19,30,10,40,60,5,3.4000000000000004,220,4,2.325,0,0,1,0,0
Owl,Primitive,20,30,10,40,60,5,2.1,138,2,1.95,0,0,1,0,0
Owl,Primitive,21,30,10,40,60,5,13.9,745,7,4.714285714285714,1,0,0,0,0
Owl,Primitive,22,30,10,40,60,5,0.4,49,2,0.4,0,0,1,0,0
Owl,Primitive,23,30,10,40,60,5,0.6000000000000001,65,1,0.6000000000000001,0,0,1,0,0
Owl,Primitive,24,30,10,40,60,5,3.3000000000000003,209,2,3.1500000000000004,0,0,1,0,0
Owl,Primitive,25,30,10,40,60,5,1.5,103,2,1.3,0,0,1,0,0
Owl,Primitive,26,30,10,40,60,5,0.9,88,3,0.9,0,0,1,0,0
Owl,Primitive,27,30,10,40,60,5,0.2,30,2,0.2,0,0,1,0,0
Owl,Primitive,28,30,10,40,60,5,5.1000000000000005,314,8,2.4625000000000004,0,0,1,0,0
Owl,Primitive,29,30,10,40,60,5,2.5,168,2,1.75,0,0,1,0,0
Owl,Primitive,30,30,10,40,60,5,16.5,721,10,5.410000000000001,1,0,0,0,0
Owl,Primitive,31,30,10,40,60,5,1.5,109,1,1.5,0,0,1,0,0
Owl,Primitive,32,30,10,40,60,5,11.1,632,6,3.566666666666668,0,0,1,0,0
Owl,Primitive,33,30,10,40,60,5,14.5,741,6,5.2,1,0,0,0,0
Owl,Primitive,34,30,10,40,60,5,10.0,521,6,5.1000000000000005,0,0,1,0,0
Owl,Primitive,35,30,10,40,60,5,3.9,247,4,2.35,0,0,1,0,0
Owl,Primitive,36,30,10,40,60,5,0.2,57,1,0.2,0,0,1,0,0
Owl,Primitive,37,30,10,40,60,5,0.8,79,3,0.5333333333333333,0,0,1,0,0
Owl,Primitive,38,30,10,40,60,5,0.1,26,1,0.1,0,0,1,0,0
Owl,Primitive,39,30,10,40,60,5,12.0,705,5,3.3400000000000007,1,0,0,0,0
Owl,Primitive,40,30,10,40,60,5,3.1,138,5,2.06,0,0,0,0,1
Owl,Primitive,41,30,10,40,60,5,3.5,213,4,1.775,0,0,1,0,0
Owl,Primitive,42,30,10,40,60,5,15.1,770,5,5.58,1,0,0,0,0
Owl,Primitive,43,30,10,40,60,5,5.300000000000001,358,3,0.7666666666666667,0,0,1,0,0
Owl,Primitive,44,30,10,40,60,5,6.9,410,6,3.1666666666666674,0,0,1,0,0
Owl,Primitive,45,30,10,40,60,5,9.3,527,8,4.487500000000001,0,0,1,0,0
Owl,Primitive,46,30,10,40,60,5,11.7,665,6,3.9166666666666674,1,0,0,0,0
Owl,Primitive,47,30,10,40,60,5,19.9,730,11,5.863636363636363,1,0,0,0,0
Owl,Primitive,48,30,10,40,60,5,1.3,99,3,1.3,0,0,1,0,0
Owl,Primitive,49,30,10,40,60,5,8.200000000000001,486,8,4.7125,0,0,1,0,0
Owl,Primitive,50,30,10,40,60,5,1.4,105,1,1.4,0,0,1,0,0
Owl,Primitive,51,30,10,40,60,5,13.8,690,8,6.6000000000000005,0,0,1,0,0
Owl,Primitive,52,30,10,40,60,5,16.900000000000002,889,13,3.653846153846154,1,0,0,0,0
Owl,Primitive,53,30,10,40,60,5,10.4,497,8,4.4625,0,0,1,0,0
Owl,Primitive,54,30,10,40,60,5,6.300000000000001,405,7,2.6142857142857143,0,0,1,0,0
Owl,Primitive,55,30,10,40,60,5,12.4,657,6,5.233333333333334,0,0,1,0,0
Owl,Primitive,56,30,10,40,60,5,15.4,781,9,5.566666666666667,1,0,0,0,0
Owl,Primitive,57,30,10,40,60,5,16.400000000000002,763,8,4.3375,1,0,0,0,0
Owl,Primitive,58,30,10,40,60,5,5.800000000000001,327,3,2.4333333333333336,0,1,0,0,0
Owl,Primitive,59,30,10,40,60,5,12.4,690,6,6.2,1,0,0,0,0
Owl,Primitive,0,30,10,60,60,5,20.8,886,9,4.844444444444445,0,0,1,0,0
Owl,Primitive,1,30,10,60,60,5,5.1000000000000005,340,5,2.16,0,0,1,0,0
Owl,Primitive,2,30,10,60,60,5,3.6,243,2,2.0500000000000003,0,0,1,0,0
Owl,Primitive,3,30,10,60,60,5,2.2,145,3,1.5666666666666669,0,0,1,0,0
Owl,Primitive,4,30,10,60,60,5,7.7,473,9,3.055555555555556,0,0,1,0,0
Owl,Primitive,5,30,10,60,60,5,9.0,529,7,2.3285714285714287,0,0,1,0,0
Owl,Primitive,6,30,10,60,60,5,8.0,403,7,3.1000000000000005,0,0,1,0,0
Owl,Primitive,7,30,10,60,60,5,6.1000000000000005,226,3,3.333333333333333,0,1,0,0,0
Owl,Primitive,8,30,10,60,60,5,6.300000000000001,354,6,2.6,0,0,1,0,0
Owl,Primitive,9,30,10,60,60,5,9.9,566,10,3.03,0,0,1,0,0
Owl,Primitive,10,30,10,60,60,5,11.7,652,8,3.75,0,0,1,0,0
Owl,Primitive,11,30,10,60,60,5,0.2,29,1,0.2,0,0,1,0,0
Owl,Primitive,12,30,10,60,60,5,2.2,144,2,1.05,0,0,1,0,0
Owl,Primitive,13,30,10,60,60,5,1.6,98,2,1.1,0,0,1,0,0
Owl,Primitive,14,30,10,60,60,5,0.9,86,3,0.7333333333333334,0,0,1,0,0
Owl,Primitive,15,30,10,60,60,5,6.1000000000000005,379,3,3.0333333333333337,0,0,1,0,0
Owl,Primitive,16,30,10,60,60,5,16.2,733,9,4.755555555555556,1,0,0,0,0
Owl,Primitive,17,30,10,60,60,5,17.1,703,7,6.271428571428572,1,0,0,0,0
Owl,Primitive,18,30,10,60,60,5,9.5,503,7,4.114285714285715,0,0,1,0,0
Owl,Primitive,19,30,10,60,60,5,3.4000000000000004,218,6,2.2,0,0,1,0,0
Owl,Primitive,20,30,10,60,60,5,4.2,229,4,2.275,0,0,1,0,0
Owl,Primitive,21,30,10,60,60,5,1.8,110,1,1.6,0,0,1,0,0
Owl,Primitive,22,30,10,60,60,5,0.3,43,1,0.3,0,0,1,0,0
Owl,Primitive,23,30,10,60,60,5,0.5,67,1,0.5,0,0,1,0,0
Owl,Primitive,24,30,10,60,60,5,1.7000000000000002,113,3,1.2666666666666668,0,0,1,0,0
Owl,Primitive,25,30,10,60,60,5,1.7000000000000002,106,2,1.6,0,0,0,0,1
Owl,Primitive,26,30,10,60,60,5,0.6000000000000001,74,3,0.6000000000000001,0,0,1,0,0
Owl,Primitive,27,30,10,60,60,5,0.1,22,2,0.1,0,0,1,0,0
Owl,Primitive,28,30,10,60,60,5,3.0,191,5,1.9200000000000004,0,0,1,0,0
Owl,Primitive,29,30,10,60,60,5,2.1,137,2,1.5,0,0,1,0,0
Owl,Primitive,30,30,10,60,60,5,13.2,744,9,4.677777777777778,1,0,0,0,0
Owl,Primitive,31,30,10,60,60,5,1.1,98,1,1.1,0,0,1,0,0
Owl,Primitive,32,30,10,60,60,5,4.3,263,3,2.0333333333333337,0,0,1,0,0
Owl,Primitive,33,30,10,60,60,5,14.0,716,10,4.18,0,0,1,0,0
Owl,Primitive,34,30,10,60,60,5,6.1000000000000005,347,5,3.46,0,0,1,0,0
Owl,Primitive,35,30,10,60,60,5,3.3000000000000003,206,6,1.65,0,0,1,0,0
Owl,Primitive,36,30,10,60,60,5,0.2,55,1,0.2,0,0,1,0,0
Owl,Primitive,37,30,10,60,60,5,0.6000000000000001,69,3,0.3333333333333333,0,0,1,0,0
Owl,Primitive,38,30,10,60,60,5,0.1,21,1,0.1,0,0,1,0,0
Owl,Primitive,39,30,10,60,60,5,5.9,402,5,2.66,0,0,1,0,0
Owl,Primitive,40,30,10,60,60,5,2.2,115,4,1.4500000000000002,0,0,1,0,0
Owl,Primitive,41,30,10,60,60,5,2.2,161,3,1.1333333333333333,0,0,1,0,0
Owl,Primitive,42,30,10,60,60,5,1.7000000000000002,120,2,1.0,0,0,1,0,0
Owl,Primitive,43,30,10,60,60,5,4.6000000000000005,304,2,1.05,0,0,1,0,0
Owl,Primitive,44,30,10,60,60,5,18.5,878,12,4.183333333333333,1,0,0,0,0
Owl,Primitive,45,30,10,60,60,5,14.1,799,6,4.5,1,0,0,0,0
Owl,Primitive,46,30,10,60,60,5,6.2,382,5,1.7600000000000002,0,0,1,0,0
Owl,Primitive,47,30,10,60,60,5,4.6000000000000005,289,2,1.3,0,0,1,0,0
Owl,Primitive,48,30,10,60,60,5,1.0,87,3,1.0,0,0,1,0,0
Owl,Primitive,49,30,10,60,60,5,15.4,651,15,4.093333333333334,0,0,1,0,0
Owl,Primitive,50,30,10,60,60,5,1.1,95,1,1.1,0,0,1,0,0
Owl,Primitive,51,30,10,60,60,5,2.6,159,6,1.5,0,0,1,0,0
Owl,Primitive,52,30,10,60,60,5,14.7,750,11,4.627272727272728,1,0,0,0,0
Owl,Primitive,53,30,10,60,60,5,5.0,309,4,2.05,0,0,1,0,0
Owl,Primitive,54,30,10,60,60,5,6.5,415,4,2.2,0,0,1,0,0
Owl,Primitive,55,30,10,60,60,5,15.0,709,2,5.75,0,0,1,0,0
Owl,Primitive,56,30,10,60,60,5,4.4,213,5,2.6000000000000005,0,0,1,0,0
Owl,Primitive,57,30,10,60,60,5,5.300000000000001,340,6,2.6500000000000004,0,0,1,0,0
Owl,Primitive,58,30,10,60,60,5,4.3,266,3,1.6666666666666667,0,0,1,0,0
Owl,Primitive,59,30,10,60,60,5,7.5,470,6,3.6500000000000004,0,0,1,0,0
