Method,Planner,Motion Profile,Map ID,Number of agents,Number of pillars,Agent speed,Drone speed,Depth variance,Flight time,Grid discovered,Agent tracked,Agent tracked time,Success,Static Collision,Dynamic Collision,Freezing,Dead Lock
Owl,MPC,RVO,0,10,10,20,20,0,39.6,1020,5,20.840000000000003,1,0,0,0,0
Owl,MPC,RVO,1,10,10,20,20,0,29.9,848,4,11.075,1,0,0,0,0
Owl,MPC,RVO,2,10,10,20,20,0,30.700000000000003,901,3,8.966666666666667,1,0,0,0,0
Owl,MPC,RVO,3,10,10,20,20,0,30.700000000000003,957,4,12.35,1,0,0,0,0
Owl,MPC,RVO,4,10,10,20,20,0,30.0,910,4,8.95,1,0,0,0,0
Owl,MPC,RVO,5,10,10,20,20,0,37.5,978,5,12.8,1,0,0,0,0
Owl,MPC,RVO,6,10,10,20,20,0,30.6,878,3,5.366666666666667,1,0,0,0,0
Owl,MPC,RVO,7,10,10,20,20,0,1.7000000000000002,116,1,1.7000000000000002,0,0,1,0,0
Owl,MPC,RVO,8,10,10,20,20,0,15.7,495,3,5.000000000000001,0,0,1,0,0
Owl,MPC,RVO,9,10,10,20,20,0,30.5,892,5,9.04,1,0,0,0,0
Owl,MPC,RVO,10,10,10,20,20,0,35.800000000000004,815,5,15.720000000000004,1,0,0,0,0
Owl,MPC,RVO,11,10,10,20,20,0,80.0,791,8,17.35,0,0,0,1,0
Owl,MPC,RVO,12,10,10,20,20,0,32.800000000000004,919,4,16.175,1,0,0,0,0
Owl,MPC,RVO,13,10,10,20,20,0,30.3,837,3,7.566666666666667,1,0,0,0,0
Owl,MPC,RVO,14,10,10,20,20,0,21.6,572,2,19.700000000000003,0,0,1,0,0
Owl,MPC,RVO,15,10,10,20,20,0,31.200000000000003,838,3,11.966666666666669,1,0,0,0,0
Owl,MPC,RVO,16,10,10,20,20,0,32.300000000000004,844,6,9.183333333333334,0,0,1,0,0
Owl,MPC,RVO,17,10,10,20,20,0,32.800000000000004,942,1,11.6,1,0,0,0,0
Owl,MPC,RVO,18,10,10,20,20,0,32.2,893,7,14.500000000000002,1,0,0,0,0
Owl,MPC,RVO,19,10,10,20,20,0,33.5,903,5,13.52,1,0,0,0,0
Owl,MPC,RVO,20,10,10,20,20,0,29.700000000000003,802,3,5.566666666666666,1,0,0,0,0
Owl,MPC,RVO,21,10,10,20,20,0,34.6,907,2,19.1,1,0,0,0,0
Owl,MPC,RVO,22,10,10,20,20,0,35.7,929,4,11.5,1,0,0,0,0
Owl,MPC,RVO,23,10,10,20,20,0,31.9,879,5,11.28,1,0,0,0,0
Owl,MPC,RVO,24,10,10,20,20,0,29.5,822,3,7.2,1,0,0,0,0
Owl,MPC,RVO,25,10,10,20,20,0,33.300000000000004,910,7,14.157142857142858,1,0,0,0,0
Owl,MPC,RVO,26,10,10,20,20,0,32.6,816,3,15.6,1,0,0,0,0
Owl,MPC,RVO,27,10,10,20,20,0,29.5,793,6,7.266666666666668,0,0,1,0,0
Owl,MPC,RVO,28,10,10,20,20,0,46.3,1102,8,16.4125,1,0,0,0,0
Owl,MPC,RVO,29,10,10,20,20,0,29.5,958,2,8.15,1,0,0,0,0
Owl,MPC,RVO,0,10,10,20,40,0,15.9,745,1,1.9,0,1,0,0,0
Owl,MPC,RVO,1,10,10,20,40,0,20.4,875,5,10.88,1,0,0,0,0
Owl,MPC,RVO,2,10,10,20,40,0,18.8,853,1,14.3,1,0,0,0,0
Owl,MPC,RVO,3,10,10,20,40,0,17.7,814,4,7.85,1,0,0,0,0
Owl,MPC,RVO,4,10,10,20,40,0,20.4,807,4,9.75,1,0,0,0,0
Owl,MPC,RVO,5,10,10,20,40,0,15.7,805,4,7.15,1,0,0,0,0
Owl,MPC,RVO,6,10,10,20,40,0,15.9,719,2,5.450000000000001,1,0,0,0,0
Owl,MPC,RVO,7,10,10,20,40,0,15.7,714,5,5.9,1,0,0,0,0
Owl,MPC,RVO,8,10,10,20,40,0,16.0,820,1,10.5,1,0,0,0,0
Owl,MPC,RVO,9,10,10,20,40,0,15.9,768,1,3.9,1,0,0,0,0
Owl,MPC,RVO,10,10,10,20,40,0,16.0,718,2,11.5,1,0,0,0,0
Owl,MPC,RVO,11,10,10,20,40,0,17.900000000000002,744,5,11.98,0,0,0,0,1
Owl,MPC,RVO,12,10,10,20,40,0,19.4,761,6,10.533333333333337,1,0,0,0,0
Owl,MPC,RVO,13,10,10,20,40,0,19.200000000000003,758,4,11.35,1,0,0,0,0
Owl,MPC,RVO,14,10,10,20,40,0,17.0,853,3,9.766666666666667,1,0,0,0,0
Owl,MPC,RVO,15,10,10,20,40,0,7.300000000000001,355,1,5.4,0,1,0,0,0
Owl,MPC,RVO,16,10,10,20,40,0,26.1,931,6,13.583333333333334,1,0,0,0,0
Owl,MPC,RVO,17,10,10,20,40,0,16.3,811,2,3.55,1,0,0,0,0
Owl,MPC,RVO,18,10,10,20,40,0,17.400000000000002,771,8,8.6625,1,0,0,0,0
Owl,MPC,RVO,19,10,10,20,40,0,15.9,741,3,9.233333333333334,1,0,0,0,0
Owl,MPC,RVO,20,10,10,20,40,0,16.8,821,4,8.875,1,0,0,0,0
Owl,MPC,RVO,21,10,10,20,40,0,16.0,794,1,5.300000000000001,1,0,0,0,0
Owl,MPC,RVO,22,10,10,20,40,0,15.8,739,5,9.2,1,0,0,0,0
Owl,MPC,RVO,23,10,10,20,40,0,10.2,556,2,1.8000000000000005,0,1,0,0,0
Owl,MPC,RVO,24,10,10,20,40,0,18.2,677,3,15.266666666666666,1,0,0,0,0
Owl,MPC,RVO,25,10,10,20,40,0,16.0,798,3,9.233333333333334,1,0,0,0,0
Owl,MPC,RVO,26,10,10,20,40,0,19.0,805,4,10.725,1,0,0,0,0
Owl,MPC,RVO,27,10,10,20,40,0,17.2,845,6,7.25,1,0,0,0,0
Owl,MPC,RVO,28,10,10,20,40,0,16.6,801,2,8.65,1,0,0,0,0
Owl,MPC,RVO,29,10,10,20,40,0,15.7,824,2,5.6,1,0,0,0,0
Owl,MPC,RVO,0,10,10,20,60,0,11.7,659,0,,1,0,0,0,0
Owl,MPC,RVO,1,10,10,20,60,0,12.3,776,5,5.44,0,0,1,0,0
Owl,MPC,RVO,2,10,10,20,60,0,12.1,671,2,6.05,1,0,0,0,0
Owl,MPC,RVO,3,10,10,20,60,0,6.5,439,1,1.2000000000000002,0,0,1,0,0
Owl,MPC,RVO,4,10,10,20,60,0,13.0,721,5,5.780000000000001,1,0,0,0,0
Owl,MPC,RVO,5,10,10,20,60,0,12.0,666,2,6.300000000000001,1,0,0,0,0
Owl,MPC,RVO,6,10,10,20,60,0,11.6,642,1,4.3,1,0,0,0,0
Owl,MPC,RVO,7,10,10,20,60,0,11.5,650,3,3.766666666666667,1,0,0,0,0
Owl,MPC,RVO,8,10,10,20,60,0,11.6,676,2,4.95,1,0,0,0,0
Owl,MPC,RVO,9,10,10,20,60,0,11.8,646,3,6.133333333333334,1,0,0,0,0
Owl,MPC,RVO,10,10,10,20,60,0,7.7,468,3,3.4333333333333336,0,0,1,0,0
Owl,MPC,RVO,11,10,10,20,60,0,10.8,574,4,8.700000000000001,0,0,0,0,1
Owl,MPC,RVO,12,10,10,20,60,0,9.0,565,2,3.85,0,0,1,0,0
Owl,MPC,RVO,13,10,10,20,60,0,3.6,233,2,2.5,0,0,1,0,0
Owl,MPC,RVO,14,10,10,20,60,0,12.4,721,4,6.0,1,0,0,0,0
Owl,MPC,RVO,15,10,10,20,60,0,11.7,621,1,10.0,1,0,0,0,0
Owl,MPC,RVO,16,10,10,20,60,0,11.6,622,5,6.04,1,0,0,0,0
Owl,MPC,RVO,17,10,10,20,60,0,16.900000000000002,721,4,9.1,1,0,0,0,0
Owl,MPC,RVO,18,10,10,20,60,0,12.8,720,5,7.0200000000000005,1,0,0,0,0
Owl,MPC,RVO,19,10,10,20,60,0,6.9,425,2,4.45,0,1,0,0,0
Owl,MPC,RVO,20,10,10,20,60,0,13.6,716,3,6.3,0,1,0,0,0
Owl,MPC,RVO,21,10,10,20,60,0,13.6,769,3,4.733333333333334,1,0,0,0,0
Owl,MPC,RVO,22,10,10,20,60,0,11.8,638,4,7.425000000000001,1,0,0,0,0
Owl,MPC,RVO,23,10,10,20,60,0,7.6,486,2,1.15,0,0,1,0,0
Owl,MPC,RVO,24,10,10,20,60,0,3.4000000000000004,223,2,1.25,0,0,1,0,0
Owl,MPC,RVO,25,10,10,20,60,0,11.6,663,3,6.2,1,0,0,0,0
Owl,MPC,RVO,26,10,10,20,60,0,5.0,317,1,5.0,0,1,0,0,0
Owl,MPC,RVO,27,10,10,20,60,0,13.4,791,3,8.700000000000001,1,0,0,0,0
Owl,MPC,RVO,28,10,10,20,60,0,11.8,655,2,7.750000000000001,1,0,0,0,0
Owl,MPC,RVO,29,10,10,20,60,0,11.4,630,2,8.4,1,0,0,0,0
Owl,MPC,RVO,0,10,10,40,20,0,16.900000000000002,524,3,5.133333333333333,0,0,1,0,0
Owl,MPC,RVO,1,10,10,40,20,0,12.3,424,3,2.6666666666666674,0,0,1,0,0
Owl,MPC,RVO,2,10,10,40,20,0,31.8,934,4,7.8,1,0,0,0,0
Owl,MPC,RVO,3,10,10,40,20,0,16.400000000000002,574,1,7.9,0,0,1,0,0
Owl,MPC,RVO,4,10,10,40,20,0,29.5,882,7,7.485714285714287,1,0,0,0,0
Owl,MPC,RVO,5,10,10,40,20,0,30.0,893,4,9.525,1,0,0,0,0
Owl,MPC,RVO,6,10,10,40,20,0,33.4,928,3,9.066666666666668,1,0,0,0,0
Owl,MPC,RVO,7,10,10,40,20,0,30.5,804,3,5.366666666666667,1,0,0,0,0
Owl,MPC,RVO,8,10,10,40,20,0,30.0,914,2,6.45,1,0,0,0,0
Owl,MPC,RVO,9,10,10,40,20,0,2.5,135,2,1.55,0,0,1,0,0
Owl,MPC,RVO,10,10,10,40,20,0,32.4,879,5,10.6,1,0,0,0,0
Owl,MPC,RVO,11,10,10,40,20,0,29.8,898,10,11.32,1,0,0,0,0
Owl,MPC,RVO,12,10,10,40,20,0,26.3,786,7,7.485714285714287,0,0,1,0,0
Owl,MPC,RVO,13,10,10,40,20,0,29.5,926,5,7.360000000000001,1,0,0,0,0
Owl,MPC,RVO,14,10,10,40,20,0,16.400000000000002,469,7,6.814285714285716,0,0,1,0,0
Owl,MPC,RVO,15,10,10,40,20,0,5.0,200,1,1.9,0,0,1,0,0
Owl,MPC,RVO,16,10,10,40,20,0,30.4,921,7,6.642857142857144,1,0,0,0,0
Owl,MPC,RVO,17,10,10,40,20,0,25.0,673,3,7.866666666666667,0,1,0,0,0
Owl,MPC,RVO,18,10,10,40,20,0,33.9,968,6,7.783333333333334,1,0,0,0,0
Owl,MPC,RVO,19,10,10,40,20,0,30.3,887,5,6.68,1,0,0,0,0
Owl,MPC,RVO,20,10,10,40,20,0,7.0,250,2,3.4000000000000004,0,0,1,0,0
Owl,MPC,RVO,21,10,10,40,20,0,30.1,889,3,7.866666666666667,1,0,0,0,0
Owl,MPC,RVO,22,10,10,40,20,0,31.3,943,7,8.385714285714286,1,0,0,0,0
Owl,MPC,RVO,23,10,10,40,20,0,31.8,853,7,7.885714285714286,1,0,0,0,0
Owl,MPC,RVO,24,10,10,40,20,0,30.1,929,4,7.075000000000001,1,0,0,0,0
Owl,MPC,RVO,25,10,10,40,20,0,1.2000000000000002,100,1,1.2000000000000002,0,0,1,0,0
Owl,MPC,RVO,26,10,10,40,20,0,12.1,339,4,7.125,0,1,0,0,0
Owl,MPC,RVO,27,10,10,40,20,0,31.8,974,7,7.542857142857143,0,0,1,0,0
Owl,MPC,RVO,28,10,10,40,20,0,32.5,922,8,9.8875,1,0,0,0,0
Owl,MPC,RVO,29,10,10,40,20,0,30.200000000000003,906,5,6.780000000000001,1,0,0,0,0
Owl,MPC,RVO,0,10,10,40,40,0,80.0,832,11,7.254545454545454,0,0,0,1,0
Owl,MPC,RVO,1,10,10,40,40,0,15.9,744,4,5.75,1,0,0,0,0
Owl,MPC,RVO,2,10,10,40,40,0,16.6,810,3,5.033333333333334,1,0,0,0,0
Owl,MPC,RVO,3,10,10,40,40,0,17.3,867,4,6.675000000000001,1,0,0,0,0
Owl,MPC,RVO,4,10,10,40,40,0,16.2,788,4,6.5,1,0,0,0,0
Owl,MPC,RVO,5,10,10,40,40,0,16.2,800,2,4.800000000000001,1,0,0,0,0
Owl,MPC,RVO,6,10,10,40,40,0,16.2,786,3,3.4000000000000004,1,0,0,0,0
Owl,MPC,RVO,7,10,10,40,40,0,18.4,691,2,8.0,1,0,0,0,0
Owl,MPC,RVO,8,10,10,40,40,0,13.8,641,3,7.0,0,1,0,0,0
Owl,MPC,RVO,9,10,10,40,40,0,16.1,756,6,4.016666666666667,1,0,0,0,0
Owl,MPC,RVO,10,10,10,40,40,0,15.9,766,3,6.2,1,0,0,0,0
Owl,MPC,RVO,11,10,10,40,40,0,17.0,699,5,12.84,1,0,0,0,0
Owl,MPC,RVO,12,10,10,40,40,0,2.5,168,2,1.75,0,0,1,0,0
Owl,MPC,RVO,13,10,10,40,40,0,15.8,735,2,3.5500000000000003,1,0,0,0,0
Owl,MPC,RVO,14,10,10,40,40,0,21.1,948,4,9.175,1,0,0,0,0
Owl,MPC,RVO,15,10,10,40,40,0,15.9,789,1,5.800000000000001,1,0,0,0,0
Owl,MPC,RVO,16,10,10,40,40,0,15.9,720,4,4.675,1,0,0,0,0
Owl,MPC,RVO,17,10,10,40,40,0,17.0,812,1,5.300000000000001,1,0,0,0,0
Owl,MPC,RVO,18,10,10,40,40,0,14.9,710,5,5.840000000000001,0,0,1,0,0
Owl,MPC,RVO,19,10,10,40,40,0,17.1,754,6,7.0,1,0,0,0,0
Owl,MPC,RVO,20,10,10,40,40,0,16.0,725,4,8.625,1,0,0,0,0
Owl,MPC,RVO,21,10,10,40,40,0,16.2,775,3,7.0,1,0,0,0,0
Owl,MPC,RVO,22,10,10,40,40,0,6.300000000000001,339,3,3.766666666666667,0,0,1,0,0
Owl,MPC,RVO,23,10,10,40,40,0,16.2,770,4,6.9,1,0,0,0,0
Owl,MPC,RVO,24,10,10,40,40,0,18.3,756,3,5.9,1,0,0,0,0
Owl,MPC,RVO,25,10,10,40,40,0,17.0,786,6,8.416666666666666,1,0,0,0,0
Owl,MPC,RVO,26,10,10,40,40,0,7.300000000000001,322,4,3.325,0,0,1,0,0
Owl,MPC,RVO,27,10,10,40,40,0,17.400000000000002,848,1,5.5,1,0,0,0,0
Owl,MPC,RVO,28,10,10,40,40,0,16.6,811,5,4.8,1,0,0,0,0
Owl,MPC,RVO,29,10,10,40,40,0,15.7,824,2,4.25,1,0,0,0,0
Owl,MPC,RVO,0,10,10,40,60,0,11.7,659,0,,1,0,0,0,0
Owl,MPC,RVO,1,10,10,40,60,0,11.7,655,3,6.2,1,0,0,0,0
Owl,MPC,RVO,2,10,10,40,60,0,16.3,726,4,6.025,1,0,0,0,0
Owl,MPC,RVO,3,10,10,40,60,0,11.7,658,5,5.700000000000001,1,0,0,0,0
Owl,MPC,RVO,4,10,10,40,60,0,6.4,379,1,3.5,0,1,0,0,0
Owl,MPC,RVO,5,10,10,40,60,0,11.4,660,1,7.1000000000000005,1,0,0,0,0
Owl,MPC,RVO,6,10,10,40,60,0,11.6,655,2,2.2,1,0,0,0,0
Owl,MPC,RVO,7,10,10,40,60,0,3.9,195,1,3.9,0,1,0,0,0
Owl,MPC,RVO,8,10,10,40,60,0,9.3,574,2,4.95,0,1,0,0,0
Owl,MPC,RVO,9,10,10,40,60,0,9.9,588,4,3.075,0,1,0,0,0
Owl,MPC,RVO,10,10,10,40,60,0,11.7,645,1,11.7,1,0,0,0,0
Owl,MPC,RVO,11,10,10,40,60,0,10.4,556,5,7.720000000000001,0,1,0,0,0
Owl,MPC,RVO,12,10,10,40,60,0,12.2,702,5,4.720000000000001,1,0,0,0,0
Owl,MPC,RVO,13,10,10,40,60,0,11.4,685,4,5.425,1,0,0,0,0
Owl,MPC,RVO,14,10,10,40,60,0,6.4,435,3,4.166666666666667,0,0,1,0,0
Owl,MPC,RVO,15,10,10,40,60,0,11.7,653,2,3.2,1,0,0,0,0
Owl,MPC,RVO,16,10,10,40,60,0,9.7,594,4,5.525,0,1,0,0,0
Owl,MPC,RVO,17,10,10,40,60,0,11.9,698,1,5.0,1,0,0,0,0
Owl,MPC,RVO,18,10,10,40,60,0,11.6,638,4,6.300000000000001,1,0,0,0,0
Owl,MPC,RVO,19,10,10,40,60,0,11.7,665,2,6.6,1,0,0,0,0
Owl,MPC,RVO,20,10,10,40,60,0,5.6000000000000005,369,3,2.3666666666666667,0,0,1,0,0
Owl,MPC,RVO,21,10,10,40,60,0,8.1,516,2,1.5,0,0,1,0,0
Owl,MPC,RVO,22,10,10,40,60,0,10.6,629,4,3.925,1,0,0,0,0
Owl,MPC,RVO,23,10,10,40,60,0,15.7,886,3,7.366666666666667,0,1,0,0,0
Owl,MPC,RVO,24,10,10,40,60,0,11.4,629,2,6.700000000000001,1,0,0,0,0
Owl,MPC,RVO,25,10,10,40,60,0,9.2,581,6,3.633333333333333,0,0,1,0,0
Owl,MPC,RVO,26,10,10,40,60,0,11.7,663,3,7.1000000000000005,1,0,0,0,0
Owl,MPC,RVO,27,10,10,40,60,0,13.9,751,10,2.3800000000000003,1,0,0,0,0
Owl,MPC,RVO,28,10,10,40,60,0,11.8,690,2,3.65,1,0,0,0,0
Owl,MPC,RVO,29,10,10,40,60,0,9.4,620,2,2.6000000000000005,0,0,1,0,0
Owl,MPC,RVO,0,10,10,60,20,0,24.8,718,4,5.3,0,0,1,0,0
Owl,MPC,RVO,1,10,10,60,20,0,32.0,967,7,4.642857142857143,1,0,0,0,0
Owl,MPC,RVO,2,10,10,60,20,0,23.6,726,5,4.26,0,0,1,0,0
Owl,MPC,RVO,3,10,10,60,20,0,11.1,410,1,1.4,0,0,1,0,0
Owl,MPC,RVO,4,10,10,60,20,0,30.5,911,8,6.1875,1,0,0,0,0
Owl,MPC,RVO,5,10,10,60,20,0,29.8,935,2,5.1,1,0,0,0,0
Owl,MPC,RVO,6,10,10,60,20,0,32.800000000000004,873,7,6.057142857142856,1,0,0,0,0
Owl,MPC,RVO,7,10,10,60,20,0,3.0,130,2,1.95,0,0,1,0,0
Owl,MPC,RVO,8,10,10,60,20,0,30.6,907,7,6.114285714285715,1,0,0,0,0
Owl,MPC,RVO,9,10,10,60,20,0,1.9,116,2,1.15,0,0,1,0,0
Owl,MPC,RVO,10,10,10,60,20,0,30.700000000000003,856,6,7.133333333333334,1,0,0,0,0
Owl,MPC,RVO,11,10,10,60,20,0,31.5,940,8,8.675,1,0,0,0,0
Owl,MPC,RVO,12,10,10,60,20,0,31.0,833,8,6.987500000000001,1,0,0,0,0
Owl,MPC,RVO,13,10,10,60,20,0,2.6,141,1,1.5,0,0,1,0,0
Owl,MPC,RVO,14,10,10,60,20,0,30.3,881,8,5.6875,1,0,0,0,0
Owl,MPC,RVO,15,10,10,60,20,0,8.200000000000001,309,2,5.4,0,0,1,0,0
Owl,MPC,RVO,16,10,10,60,20,0,30.4,889,11,5.490909090909091,1,0,0,0,0
Owl,MPC,RVO,17,10,10,60,20,0,34.1,936,11,6.0181818181818185,1,0,0,0,0
Owl,MPC,RVO,18,10,10,60,20,0,6.9,272,3,1.6333333333333335,0,0,1,0,0
Owl,MPC,RVO,19,10,10,60,20,0,24.6,786,5,4.279999999999999,0,0,1,0,0
Owl,MPC,RVO,20,10,10,60,20,0,3.8,186,1,3.3000000000000003,0,0,1,0,0
Owl,MPC,RVO,21,10,10,60,20,0,14.1,436,3,3.4,0,0,1,0,0
Owl,MPC,RVO,22,10,10,60,20,0,29.700000000000003,916,7,6.0,1,0,0,0,0
Owl,MPC,RVO,23,10,10,60,20,0,12.3,432,4,2.825,0,0,1,0,0
Owl,MPC,RVO,24,10,10,60,20,0,22.8,715,6,4.683333333333334,0,0,1,0,0
Owl,MPC,RVO,25,10,10,60,20,0,1.0,90,1,1.0,0,0,1,0,0
Owl,MPC,RVO,26,10,10,60,20,0,28.8,812,9,5.422222222222223,0,0,1,0,0
Owl,MPC,RVO,27,10,10,60,20,0,36.7,927,7,6.628571428571428,1,0,0,0,0
Owl,MPC,RVO,28,10,10,60,20,0,35.9,889,5,6.020000000000001,1,0,0,0,0
Owl,MPC,RVO,29,10,10,60,20,0,32.0,911,7,5.4,1,0,0,0,0
Owl,MPC,RVO,0,10,10,60,40,0,17.5,863,5,6.2,1,0,0,0,0
Owl,MPC,RVO,1,10,10,60,40,0,15.9,819,2,4.25,1,0,0,0,0
Owl,MPC,RVO,2,10,10,60,40,0,8.0,461,2,2.1500000000000004,0,0,1,0,0
Owl,MPC,RVO,3,10,10,60,40,0,15.7,825,3,4.7,1,0,0,0,0
Owl,MPC,RVO,4,10,10,60,40,0,17.400000000000002,805,5,5.639999999999999,1,0,0,0,0
Owl,MPC,RVO,5,10,10,60,40,0,16.400000000000002,753,4,4.75,1,0,0,0,0
Owl,MPC,RVO,6,10,10,60,40,0,12.7,662,4,2.825,0,0,1,0,0
Owl,MPC,RVO,7,10,10,60,40,0,16.1,701,1,5.9,1,0,0,0,0
Owl,MPC,RVO,8,10,10,60,40,0,16.0,814,1,5.800000000000001,1,0,0,0,0
Owl,MPC,RVO,9,10,10,60,40,0,16.7,791,4,3.45,1,0,0,0,0
Owl,MPC,RVO,10,10,10,60,40,0,6.5,352,2,3.65,0,0,1,0,0
Owl,MPC,RVO,11,10,10,60,40,0,17.1,770,8,8.0625,1,0,0,0,0
Owl,MPC,RVO,12,10,10,60,40,0,6.300000000000001,325,4,3.3000000000000003,0,1,0,0,0
Owl,MPC,RVO,13,10,10,60,40,0,7.5,435,2,1.05,0,0,1,0,0
Owl,MPC,RVO,14,10,10,60,40,0,17.7,812,7,5.742857142857143,1,0,0,0,0
Owl,MPC,RVO,15,10,10,60,40,0,16.0,800,1,4.3,1,0,0,0,0
Owl,MPC,RVO,16,10,10,60,40,0,16.5,810,4,3.9,1,0,0,0,0
Owl,MPC,RVO,17,10,10,60,40,0,12.9,691,1,0.2,0,0,1,0,0
Owl,MPC,RVO,18,10,10,60,40,0,16.7,859,4,4.325,1,0,0,0,0
Owl,MPC,RVO,19,10,10,60,40,0,9.8,539,2,4.800000000000001,0,0,1,0,0
Owl,MPC,RVO,20,10,10,60,40,0,5.800000000000001,264,2,2.7,0,0,1,0,0
Owl,MPC,RVO,21,10,10,60,40,0,8.8,470,3,2.233333333333334,0,0,1,0,0
Owl,MPC,RVO,22,10,10,60,40,0,11.7,642,2,4.8500000000000005,0,0,1,0,0
Owl,MPC,RVO,23,10,10,60,40,0,16.1,758,4,6.675000000000001,1,0,0,0,0
Owl,MPC,RVO,24,10,10,60,40,0,16.0,809,3,5.166666666666667,1,0,0,0,0
Owl,MPC,RVO,25,10,10,60,40,0,5.7,313,2,1.3,0,0,1,0,0
Owl,MPC,RVO,26,10,10,60,40,0,15.9,739,4,5.525,1,0,0,0,0
Owl,MPC,RVO,27,10,10,60,40,0,17.6,847,5,4.840000000000001,1,0,0,0,0
Owl,MPC,RVO,28,10,10,60,40,0,9.6,536,3,3.366666666666667,0,0,1,0,0
Owl,MPC,RVO,29,10,10,60,40,0,14.5,809,4,4.075,0,0,1,0,0
Owl,MPC,RVO,0,10,10,60,60,0,4.0,282,1,0.8,0,0,1,0,0
Owl,MPC,RVO,1,10,10,60,60,0,11.7,713,4,3.875,1,0,0,0,0
Owl,MPC,RVO,2,10,10,60,60,0,7.4,466,2,2.3000000000000003,0,0,1,0,0
Owl,MPC,RVO,3,10,10,60,60,0,12.1,713,4,5.25,1,0,0,0,0
Owl,MPC,RVO,4,10,10,60,60,0,10.7,647,5,4.0,1,0,0,0,0
Owl,MPC,RVO,5,10,10,60,60,0,8.200000000000001,517,1,1.1,0,0,1,0,0
Owl,MPC,RVO,6,10,10,60,60,0,11.8,671,2,3.85,1,0,0,0,0
Owl,MPC,RVO,7,10,10,60,60,0,3.6,184,1,3.6,0,1,0,0,0
Owl,MPC,RVO,8,10,10,60,60,0,9.4,553,3,4.800000000000001,0,1,0,0,0
Owl,MPC,RVO,9,10,10,60,60,0,1.9,130,2,1.1,0,0,1,0,0
Owl,MPC,RVO,10,10,10,60,60,0,14.3,835,3,7.399999999999999,0,0,1,0,0
Owl,MPC,RVO,11,10,10,60,60,0,80.0,617,11,9.645454545454546,0,0,0,1,0
Owl,MPC,RVO,12,10,10,60,60,0,1.8,138,2,1.15,0,0,1,0,0
Owl,MPC,RVO,13,10,10,60,60,0,11.5,648,2,2.75,1,0,0,0,0
Owl,MPC,RVO,14,10,10,60,60,0,14.0,668,4,6.7,1,0,0,0,0
Owl,MPC,RVO,15,10,10,60,60,0,12.0,677,1,7.1000000000000005,1,0,0,0,0
Owl,MPC,RVO,16,10,10,60,60,0,11.6,639,4,2.9,1,0,0,0,0
Owl,MPC,RVO,17,10,10,60,60,0,11.8,700,1,4.4,1,0,0,0,0
Owl,MPC,RVO,18,10,10,60,60,0,10.6,661,4,3.25,0,0,1,0,0
Owl,MPC,RVO,19,10,10,60,60,0,12.5,726,4,5.3500000000000005,1,0,0,0,0
Owl,MPC,RVO,20,10,10,60,60,0,6.6000000000000005,298,1,6.1000000000000005,0,1,0,0,0
Owl,MPC,RVO,21,10,10,60,60,0,12.2,723,1,6.4,1,0,0,0,0
Owl,MPC,RVO,22,10,10,60,60,0,4.3,273,2,2.55,0,0,1,0,0
Owl,MPC,RVO,23,10,10,60,60,0,11.7,696,4,5.325000000000001,1,0,0,0,0
Owl,MPC,RVO,24,10,10,60,60,0,10.6,638,1,3.6,0,0,1,0,0
Owl,MPC,RVO,25,10,10,60,60,0,7.7,482,3,2.2333333333333334,0,0,1,0,0
Owl,MPC,RVO,26,10,10,60,60,0,3.8,265,3,1.7666666666666668,0,0,1,0,0
Owl,MPC,RVO,27,10,10,60,60,0,8.4,504,1,3.5,0,1,0,0,0
Owl,MPC,RVO,28,10,10,60,60,0,9.7,628,5,2.22,0,0,1,0,0
Owl,MPC,RVO,29,10,10,60,60,0,11.4,673,1,3.1,1,0,0,0,0
Owl,MPC,RVO,0,20,10,20,20,0,80.0,817,11,16.554545454545455,0,0,0,1,0
Owl,MPC,RVO,1,20,10,20,20,0,32.4,987,10,12.0,1,0,0,0,0
Owl,MPC,RVO,2,20,10,20,20,0,31.0,938,4,4.925000000000001,1,0,0,0,0
Owl,MPC,RVO,3,20,10,20,20,0,34.4,915,9,10.933333333333332,0,0,1,0,0
Owl,MPC,RVO,4,20,10,20,20,0,37.0,958,10,13.689999999999998,1,0,0,0,0
Owl,MPC,RVO,5,20,10,20,20,0,31.1,706,7,13.828571428571433,1,0,0,0,0
Owl,MPC,RVO,6,20,10,20,20,0,38.1,914,10,11.820000000000002,1,0,0,0,0
Owl,MPC,RVO,7,20,10,20,20,0,1.5,113,1,1.5,0,0,1,0,0
Owl,MPC,RVO,8,20,10,20,20,0,39.8,865,7,14.5,1,0,0,0,0
Owl,MPC,RVO,9,20,10,20,20,0,27.4,785,7,10.742857142857144,0,0,1,0,0
Owl,MPC,RVO,10,20,10,20,20,0,17.400000000000002,530,1,3.7,0,1,0,0,0
Owl,MPC,RVO,11,20,10,20,20,0,46.3,959,16,12.9,0,0,1,0,0
Owl,MPC,RVO,12,20,10,20,20,0,15.7,368,4,8.475000000000001,0,1,0,0,0
Owl,MPC,RVO,13,20,10,20,20,0,34.300000000000004,818,8,13.9375,1,0,0,0,0
Owl,MPC,RVO,14,20,10,20,20,0,39.8,903,7,18.185714285714287,1,0,0,0,0
Owl,MPC,RVO,15,20,10,20,20,0,34.800000000000004,935,2,12.35,1,0,0,0,0
Owl,MPC,RVO,16,20,10,20,20,0,50.0,1070,17,15.841176470588236,0,0,1,0,0
Owl,MPC,RVO,17,20,10,20,20,0,32.1,953,3,7.533333333333334,1,0,0,0,0
Owl,MPC,RVO,18,20,10,20,20,0,34.300000000000004,883,9,9.544444444444446,1,0,0,0,0
Owl,MPC,RVO,19,20,10,20,20,0,35.1,902,11,9.845454545454546,1,0,0,0,0
Owl,MPC,RVO,20,20,10,20,20,0,31.6,904,5,11.48,1,0,0,0,0
Owl,MPC,RVO,21,20,10,20,20,0,30.8,883,5,10.760000000000002,1,0,0,0,0
Owl,MPC,RVO,22,20,10,20,20,0,34.2,913,8,13.2875,0,0,1,0,0
Owl,MPC,RVO,23,20,10,20,20,0,17.1,413,2,16.1,0,1,0,0,0
Owl,MPC,RVO,24,20,10,20,20,0,29.6,707,7,11.614285714285716,1,0,0,0,0
Owl,MPC,RVO,25,20,10,20,20,0,2.0,124,2,1.4,0,0,1,0,0
Owl,MPC,RVO,26,20,10,20,20,0,34.0,819,7,8.385714285714288,1,0,0,0,0
Owl,MPC,RVO,27,20,10,20,20,0,0.7000000000000001,59,2,0.7000000000000001,0,1,0,0,0
Owl,MPC,RVO,28,20,10,20,20,0,31.1,875,8,10.3,0,0,0,0,1
Owl,MPC,RVO,29,20,10,20,20,0,34.9,882,8,18.525,1,0,0,0,0
Owl,MPC,RVO,0,20,10,20,40,0,23.1,867,6,8.950000000000001,1,0,0,0,0
Owl,MPC,RVO,1,20,10,20,40,0,29.200000000000003,998,10,10.980000000000002,1,0,0,0,0
Owl,MPC,RVO,2,20,10,20,40,0,17.3,782,6,7.349999999999999,0,0,1,0,0
Owl,MPC,RVO,3,20,10,20,40,0,15.7,825,2,5.6000000000000005,1,0,0,0,0
Owl,MPC,RVO,4,20,10,20,40,0,18.6,823,7,8.67142857142857,1,0,0,0,0
Owl,MPC,RVO,5,20,10,20,40,0,16.400000000000002,690,10,6.27,1,0,0,0,0
Owl,MPC,RVO,6,20,10,20,40,0,18.3,756,10,7.81,1,0,0,0,0
Owl,MPC,RVO,7,20,10,20,40,0,1.3,114,1,1.3,0,0,1,0,0
Owl,MPC,RVO,8,20,10,20,40,0,21.8,810,5,11.54,1,0,0,0,0
Owl,MPC,RVO,9,20,10,20,40,0,22.5,878,12,9.675,1,0,0,0,0
Owl,MPC,RVO,10,20,10,20,40,0,17.2,809,6,7.683333333333334,1,0,0,0,0
Owl,MPC,RVO,11,20,10,20,40,0,0.7000000000000001,70,1,0.7000000000000001,0,1,0,0,0
Owl,MPC,RVO,12,20,10,20,40,0,19.6,778,7,8.542857142857143,1,0,0,0,0
Owl,MPC,RVO,13,20,10,20,40,0,21.5,745,7,10.157142857142858,1,0,0,0,0
Owl,MPC,RVO,14,20,10,20,40,0,16.7,752,7,10.385714285714286,1,0,0,0,0
Owl,MPC,RVO,15,20,10,20,40,0,24.6,934,5,8.820000000000002,0,0,1,0,0
Owl,MPC,RVO,16,20,10,20,40,0,18.0,721,6,8.733333333333334,1,0,0,0,0
Owl,MPC,RVO,17,20,10,20,40,0,20.9,837,7,7.371428571428573,1,0,0,0,0
Owl,MPC,RVO,18,20,10,20,40,0,20.5,783,6,8.3,0,0,1,0,0
Owl,MPC,RVO,19,20,10,20,40,0,22.200000000000003,866,9,8.455555555555556,1,0,0,0,0
Owl,MPC,RVO,20,20,10,20,40,0,15.9,794,3,2.033333333333333,1,0,0,0,0
Owl,MPC,RVO,21,20,10,20,40,0,13.7,480,5,7.860000000000001,0,1,0,0,0
Owl,MPC,RVO,22,20,10,20,40,0,16.7,836,4,10.025,1,0,0,0,0
Owl,MPC,RVO,23,20,10,20,40,0,16.2,445,3,12.133333333333336,0,1,0,0,0
Owl,MPC,RVO,24,20,10,20,40,0,16.6,687,6,10.766666666666667,1,0,0,0,0
Owl,MPC,RVO,25,20,10,20,40,0,15.9,734,8,5.362500000000001,1,0,0,0,0
Owl,MPC,RVO,26,20,10,20,40,0,23.5,855,10,10.010000000000002,1,0,0,0,0
Owl,MPC,RVO,27,20,10,20,40,0,0.7000000000000001,60,2,0.7000000000000001,0,1,0,0,0
Owl,MPC,RVO,28,20,10,20,40,0,23.9,857,6,10.8,1,0,0,0,0
Owl,MPC,RVO,29,20,10,20,40,0,23.8,799,10,11.540000000000004,1,0,0,0,0
Owl,MPC,RVO,0,20,10,20,60,0,80.0,678,11,12.718181818181815,0,0,0,1,0
Owl,MPC,RVO,1,20,10,20,60,0,12.2,708,6,5.633333333333334,1,0,0,0,0
Owl,MPC,RVO,2,20,10,20,60,0,6.6000000000000005,408,4,1.7499999999999998,0,0,1,0,0
Owl,MPC,RVO,3,20,10,20,60,0,11.4,663,3,5.900000000000001,1,0,0,0,0
Owl,MPC,RVO,4,20,10,20,60,0,5.4,345,1,1.5,0,0,1,0,0
Owl,MPC,RVO,5,20,10,20,60,0,14.3,687,5,5.76,1,0,0,0,0
Owl,MPC,RVO,6,20,10,20,60,0,10.5,619,4,6.15,0,0,1,0,0
Owl,MPC,RVO,7,20,10,20,60,0,1.3,114,1,1.3,0,0,1,0,0
Owl,MPC,RVO,8,20,10,20,60,0,13.0,706,6,5.583333333333333,1,0,0,0,0
Owl,MPC,RVO,9,20,10,20,60,0,13.4,749,5,7.360000000000001,1,0,0,0,0
Owl,MPC,RVO,10,20,10,20,60,0,12.1,701,7,5.542857142857144,1,0,0,0,0
Owl,MPC,RVO,11,20,10,20,60,0,0.7000000000000001,70,1,0.7000000000000001,0,1,0,0,0
Owl,MPC,RVO,12,20,10,20,60,0,4.2,251,2,2.75,0,1,0,0,0
Owl,MPC,RVO,13,20,10,20,60,0,16.3,842,12,6.683333333333334,1,0,0,0,0
Owl,MPC,RVO,14,20,10,20,60,0,16.1,703,9,10.455555555555556,0,0,1,0,0
Owl,MPC,RVO,15,20,10,20,60,0,12.5,709,6,5.616666666666667,1,0,0,0,0
Owl,MPC,RVO,16,20,10,20,60,0,13.8,667,6,8.55,1,0,0,0,0
Owl,MPC,RVO,17,20,10,20,60,0,17.8,731,9,8.97777777777778,1,0,0,0,0
Owl,MPC,RVO,18,20,10,20,60,0,7.300000000000001,467,4,3.6000000000000005,0,0,1,0,0
Owl,MPC,RVO,19,20,10,20,60,0,14.0,781,9,6.355555555555555,0,0,1,0,0
Owl,MPC,RVO,20,20,10,20,60,0,11.6,666,4,3.15,1,0,0,0,0
Owl,MPC,RVO,21,20,10,20,60,0,14.4,503,4,8.4,0,1,0,0,0
Owl,MPC,RVO,22,20,10,20,60,0,12.0,689,4,6.9,1,0,0,0,0
Owl,MPC,RVO,23,20,10,20,60,0,26.9,973,8,10.2,1,0,0,0,0
Owl,MPC,RVO,24,20,10,20,60,0,3.4000000000000004,230,4,1.825,0,0,1,0,0
Owl,MPC,RVO,25,20,10,20,60,0,13.3,682,9,5.255555555555556,1,0,0,0,0
Owl,MPC,RVO,26,20,10,20,60,0,16.3,678,8,7.312500000000001,0,0,1,0,0
Owl,MPC,RVO,27,20,10,20,60,0,0.7000000000000001,60,2,0.7000000000000001,0,1,0,0,0
Owl,MPC,RVO,28,20,10,20,60,0,24.700000000000003,848,7,11.285714285714286,1,0,0,0,0
Owl,MPC,RVO,29,20,10,20,60,0,15.1,797,7,9.142857142857142,1,0,0,0,0
Owl,MPC,RVO,0,20,10,40,20,0,31.8,925,7,7.271428571428571,1,0,0,0,0
Owl,MPC,RVO,1,20,10,40,20,0,27.0,858,8,6.925,0,0,1,0,0
Owl,MPC,RVO,2,20,10,40,20,0,30.9,950,8,6.7,1,0,0,0,0
Owl,MPC,RVO,3,20,10,40,20,0,30.200000000000003,894,11,7.790909090909093,1,0,0,0,0
Owl,MPC,RVO,4,20,10,40,20,0,15.4,503,5,5.92,0,0,1,0,0
Owl,MPC,RVO,5,20,10,40,20,0,34.1,889,9,7.955555555555555,1,0,0,0,0
Owl,MPC,RVO,6,20,10,40,20,0,32.7,894,8,6.85,1,0,0,0,0
Owl,MPC,RVO,7,20,10,40,20,0,2.3000000000000003,109,2,1.5000000000000002,0,0,1,0,0
Owl,MPC,RVO,8,20,10,40,20,0,30.0,928,7,6.614285714285715,1,0,0,0,0
Owl,MPC,RVO,9,20,10,40,20,0,35.5,962,12,8.658333333333333,1,0,0,0,0
Owl,MPC,RVO,10,20,10,40,20,0,0.9,83,1,0.9,0,1,0,0,0
Owl,MPC,RVO,11,20,10,40,20,0,4.800000000000001,173,3,2.2333333333333334,0,0,1,0,0
Owl,MPC,RVO,12,20,10,40,20,0,19.1,574,3,8.466666666666667,0,0,1,0,0
Owl,MPC,RVO,13,20,10,40,20,0,29.6,903,10,6.4,1,0,0,0,0
Owl,MPC,RVO,14,20,10,40,20,0,30.200000000000003,833,8,6.550000000000001,1,0,0,0,0
Owl,MPC,RVO,15,20,10,40,20,0,17.0,501,4,8.100000000000001,0,1,0,0,0
Owl,MPC,RVO,16,20,10,40,20,0,20.200000000000003,598,8,7.025,0,0,1,0,0
Owl,MPC,RVO,17,20,10,40,20,0,30.3,879,8,4.5625,0,0,1,0,0
Owl,MPC,RVO,18,20,10,40,20,0,5.0,212,2,3.0,0,0,1,0,0
Owl,MPC,RVO,19,20,10,40,20,0,46.8,668,12,7.841666666666666,0,0,0,0,1
Owl,MPC,RVO,20,20,10,40,20,0,30.9,919,8,11.4375,1,0,0,0,0
Owl,MPC,RVO,21,20,10,40,20,0,30.5,920,6,7.949999999999999,1,0,0,0,0
Owl,MPC,RVO,22,20,10,40,20,0,16.2,518,5,9.28,0,0,1,0,0
Owl,MPC,RVO,23,20,10,40,20,0,26.6,793,9,7.855555555555556,0,0,1,0,0
Owl,MPC,RVO,24,20,10,40,20,0,31.6,891,9,6.733333333333333,1,0,0,0,0
Owl,MPC,RVO,25,20,10,40,20,0,7.300000000000001,281,2,4.300000000000001,0,0,1,0,0
Owl,MPC,RVO,26,20,10,40,20,0,27.5,810,10,6.710000000000001,0,0,1,0,0
Owl,MPC,RVO,27,20,10,40,20,0,7.300000000000001,212,5,4.0600000000000005,0,0,1,0,0
Owl,MPC,RVO,28,20,10,40,20,0,36.5,931,12,8.775,1,0,0,0,0
Owl,MPC,RVO,29,20,10,40,20,0,24.9,734,10,5.790000000000001,0,0,1,0,0
Owl,MPC,RVO,0,20,10,40,40,0,17.900000000000002,823,3,7.399999999999999,1,0,0,0,0
Owl,MPC,RVO,1,20,10,40,40,0,16.0,799,7,5.628571428571429,1,0,0,0,0
Owl,MPC,RVO,2,20,10,40,40,0,16.3,754,12,1.9833333333333336,1,0,0,0,0
Owl,MPC,RVO,3,20,10,40,40,0,17.6,860,8,6.75,1,0,0,0,0
Owl,MPC,RVO,4,20,10,40,40,0,18.8,836,5,8.2,1,0,0,0,0
Owl,MPC,RVO,5,20,10,40,40,0,8.9,406,3,4.3,0,0,1,0,0
Owl,MPC,RVO,6,20,10,40,40,0,18.1,854,7,5.242857142857143,1,0,0,0,0
Owl,MPC,RVO,7,20,10,40,40,0,2.0,116,1,2.0,0,0,1,0,0
Owl,MPC,RVO,8,20,10,40,40,0,20.5,853,6,8.5,1,0,0,0,0
Owl,MPC,RVO,9,20,10,40,40,0,16.400000000000002,767,7,7.528571428571429,1,0,0,0,0
Owl,MPC,RVO,10,20,10,40,40,0,0.8,78,1,0.8,0,1,0,0,0
Owl,MPC,RVO,11,20,10,40,40,0,21.9,905,12,7.933333333333333,1,0,0,0,0
Owl,MPC,RVO,12,20,10,40,40,0,6.800000000000001,336,2,4.6000000000000005,0,1,0,0,0
Owl,MPC,RVO,13,20,10,40,40,0,18.3,770,6,6.0,1,0,0,0,0
Owl,MPC,RVO,14,20,10,40,40,0,15.9,707,8,7.7625,1,0,0,0,0
Owl,MPC,RVO,15,20,10,40,40,0,18.7,766,6,6.45,1,0,0,0,0
Owl,MPC,RVO,16,20,10,40,40,0,18.1,833,7,7.028571428571429,0,0,1,0,0
Owl,MPC,RVO,17,20,10,40,40,0,18.9,843,6,6.316666666666667,0,0,1,0,0
Owl,MPC,RVO,18,20,10,40,40,0,18.7,858,8,5.15,1,0,0,0,0
Owl,MPC,RVO,19,20,10,40,40,0,18.0,809,8,7.075,1,0,0,0,0
Owl,MPC,RVO,20,20,10,40,40,0,19.8,649,8,8.512500000000001,0,0,1,0,0
Owl,MPC,RVO,21,20,10,40,40,0,19.0,832,6,7.100000000000001,1,0,0,0,0
Owl,MPC,RVO,22,20,10,40,40,0,17.400000000000002,826,7,5.457142857142857,1,0,0,0,0
Owl,MPC,RVO,23,20,10,40,40,0,16.7,795,6,7.533333333333334,1,0,0,0,0
Owl,MPC,RVO,24,20,10,40,40,0,16.0,711,8,6.3625,1,0,0,0,0
Owl,MPC,RVO,25,20,10,40,40,0,1.2000000000000002,96,2,1.0,0,0,1,0,0
Owl,MPC,RVO,26,20,10,40,40,0,5.2,274,5,2.76,0,0,0,0,1
Owl,MPC,RVO,27,20,10,40,40,0,17.900000000000002,734,5,6.94,1,0,0,0,0
Owl,MPC,RVO,28,20,10,40,40,0,4.1000000000000005,233,2,2.3000000000000003,0,0,1,0,0
Owl,MPC,RVO,29,20,10,40,40,0,7.0,355,7,4.428571428571429,0,0,1,0,0
Owl,MPC,RVO,0,20,10,40,60,0,4.1000000000000005,274,2,2.7,0,0,1,0,0
Owl,MPC,RVO,1,20,10,40,60,0,6.800000000000001,411,5,2.8,0,0,1,0,0
Owl,MPC,RVO,2,20,10,40,60,0,12.3,649,5,4.34,0,1,0,0,0
Owl,MPC,RVO,3,20,10,40,60,0,11.4,684,5,3.82,1,0,0,0,0
Owl,MPC,RVO,4,20,10,40,60,0,11.6,645,4,6.2250000000000005,1,0,0,0,0
Owl,MPC,RVO,5,20,10,40,60,0,4.800000000000001,306,2,2.0,0,0,1,0,0
Owl,MPC,RVO,6,20,10,40,60,0,1.8,125,2,1.2000000000000002,0,0,1,0,0
Owl,MPC,RVO,7,20,10,40,60,0,1.8,107,2,1.0,0,0,1,0,0
Owl,MPC,RVO,8,20,10,40,60,0,9.5,589,4,4.225,0,1,0,0,0
Owl,MPC,RVO,9,20,10,40,60,0,6.9,440,4,2.7750000000000004,0,0,1,0,0
Owl,MPC,RVO,10,20,10,40,60,0,1.0,81,1,1.0,0,0,1,0,0
Owl,MPC,RVO,11,20,10,40,60,0,12.1,686,6,5.366666666666667,1,0,0,0,0
Owl,MPC,RVO,12,20,10,40,60,0,11.8,665,4,5.975,1,0,0,0,0
Owl,MPC,RVO,13,20,10,40,60,0,12.8,659,7,5.457142857142857,0,0,1,0,0
Owl,MPC,RVO,14,20,10,40,60,0,7.800000000000001,484,5,5.16,0,0,1,0,0
Owl,MPC,RVO,15,20,10,40,60,0,13.6,729,4,6.875,1,0,1,0,0
Owl,MPC,RVO,16,20,10,40,60,0,7.9,474,5,3.82,0,0,1,0,0
Owl,MPC,RVO,17,20,10,40,60,0,11.8,699,1,7.0,1,0,0,0,0
Owl,MPC,RVO,18,20,10,40,60,0,11.5,642,7,3.242857142857144,1,0,0,0,0
Owl,MPC,RVO,19,20,10,40,60,0,4.9,305,3,1.8333333333333337,0,0,1,0,0
Owl,MPC,RVO,20,20,10,40,60,0,10.2,582,2,6.050000000000001,0,1,0,0,0
Owl,MPC,RVO,21,20,10,40,60,0,11.0,676,5,4.66,0,0,1,0,0
Owl,MPC,RVO,22,20,10,40,60,0,17.7,771,9,5.800000000000001,1,0,0,0,0
Owl,MPC,RVO,23,20,10,40,60,0,7.6,459,6,3.75,0,1,0,0,0
Owl,MPC,RVO,24,20,10,40,60,0,8.700000000000001,526,9,3.511111111111111,0,0,1,0,0
Owl,MPC,RVO,25,20,10,40,60,0,9.4,553,4,3.375,0,0,1,0,0
Owl,MPC,RVO,26,20,10,40,60,0,11.9,720,9,5.955555555555556,1,0,0,0,0
Owl,MPC,RVO,27,20,10,40,60,0,6.6000000000000005,354,4,4.425,0,0,1,0,0
Owl,MPC,RVO,28,20,10,40,60,0,6.9,368,4,3.075,0,0,1,0,0
Owl,MPC,RVO,29,20,10,40,60,0,3.0,202,4,2.0,0,0,1,0,0
Owl,MPC,RVO,0,20,10,60,20,0,32.1,942,10,5.83,1,0,0,0,0
Owl,MPC,RVO,1,20,10,60,20,0,6.800000000000001,264,3,1.7333333333333334,0,0,1,0,0
Owl,MPC,RVO,2,20,10,60,20,0,32.2,949,12,5.824999999999999,1,0,0,0,0
Owl,MPC,RVO,3,20,10,60,20,0,4.6000000000000005,196,2,0.8500000000000001,0,0,1,0,0
Owl,MPC,RVO,4,20,10,60,20,0,4.6000000000000005,194,1,1.0,0,0,1,0,0
Owl,MPC,RVO,5,20,10,60,20,0,8.9,321,4,2.7750000000000004,0,0,1,0,0
Owl,MPC,RVO,6,20,10,60,20,0,3.1,152,3,2.066666666666667,0,0,1,0,0
Owl,MPC,RVO,7,20,10,60,20,0,1.8,114,2,1.0,0,0,1,0,0
Owl,MPC,RVO,8,20,10,60,20,0,29.200000000000003,776,9,5.922222222222223,0,0,1,0,0
Owl,MPC,RVO,9,20,10,60,20,0,7.300000000000001,274,4,3.35,0,0,1,0,0
Owl,MPC,RVO,10,20,10,60,20,0,0.7000000000000001,72,1,0.7000000000000001,0,0,1,0,0
Owl,MPC,RVO,11,20,10,60,20,0,3.3000000000000003,153,3,0.8333333333333334,0,0,1,0,0
Owl,MPC,RVO,12,20,10,60,20,0,35.9,925,20,6.015,1,0,0,0,0
Owl,MPC,RVO,13,20,10,60,20,0,20.5,676,6,4.15,0,0,1,0,0
Owl,MPC,RVO,14,20,10,60,20,0,20.3,565,10,5.25,0,0,1,0,0
Owl,MPC,RVO,15,20,10,60,20,0,34.6,920,12,5.633333333333333,1,0,0,0,0
Owl,MPC,RVO,16,20,10,60,20,0,5.300000000000001,213,7,2.2142857142857144,0,0,1,0,0
Owl,MPC,RVO,17,20,10,60,20,0,25.5,644,4,9.275,0,1,0,0,0
Owl,MPC,RVO,18,20,10,60,20,0,2.8000000000000003,155,3,0.9333333333333332,0,0,1,0,0
Owl,MPC,RVO,19,20,10,60,20,0,13.7,386,10,4.8,0,0,1,0,0
Owl,MPC,RVO,20,20,10,60,20,0,3.6,177,3,1.6333333333333335,0,0,1,0,0
Owl,MPC,RVO,21,20,10,60,20,0,29.9,844,12,5.066666666666667,0,0,1,0,0
Owl,MPC,RVO,22,20,10,60,20,0,26.9,815,9,6.844444444444445,0,0,1,0,0
Owl,MPC,RVO,23,20,10,60,20,0,5.5,211,3,2.6666666666666665,0,0,1,0,0
Owl,MPC,RVO,24,20,10,60,20,0,2.8000000000000003,124,2,1.6,0,0,1,0,0
Owl,MPC,RVO,25,20,10,60,20,0,5.300000000000001,225,3,2.333333333333333,0,0,1,0,0
Owl,MPC,RVO,26,20,10,60,20,0,12.5,393,6,2.766666666666666,0,0,1,0,0
Owl,MPC,RVO,27,20,10,60,20,0,7.7,255,6,2.983333333333333,0,0,1,0,0
Owl,MPC,RVO,28,20,10,60,20,0,1.8,119,1,1.2000000000000002,0,0,1,0,0
Owl,MPC,RVO,29,20,10,60,20,0,30.700000000000003,914,12,5.266666666666667,0,0,1,0,0
Owl,MPC,RVO,0,20,10,60,40,0,16.5,737,3,3.3000000000000003,0,1,0,0,0
Owl,MPC,RVO,1,20,10,60,40,0,16.1,791,7,4.257142857142857,1,0,0,0,0
Owl,MPC,RVO,2,20,10,60,40,0,16.8,767,7,3.9,1,0,0,0,0
Owl,MPC,RVO,3,20,10,60,40,0,10.7,585,6,3.183333333333333,0,0,1,0,0
Owl,MPC,RVO,4,20,10,60,40,0,10.2,498,6,3.1833333333333336,0,0,1,0,0
Owl,MPC,RVO,5,20,10,60,40,0,18.1,786,5,5.300000000000001,1,0,0,0,0
Owl,MPC,RVO,6,20,10,60,40,0,2.7,177,3,1.8,0,0,1,0,0
Owl,MPC,RVO,7,20,10,60,40,0,11.3,474,5,3.88,0,0,1,0,0
Owl,MPC,RVO,8,20,10,60,40,0,18.0,811,9,5.266666666666668,1,0,0,0,0
Owl,MPC,RVO,9,20,10,60,40,0,2.4000000000000004,160,2,1.95,0,0,1,0,0
Owl,MPC,RVO,10,20,10,60,40,0,0.7000000000000001,72,1,0.7000000000000001,0,0,1,0,0
Owl,MPC,RVO,11,20,10,60,40,0,3.7,212,3,1.2333333333333334,0,0,1,0,0
Owl,MPC,RVO,12,20,10,60,40,0,17.3,753,8,3.6750000000000007,0,0,1,0,0
Owl,MPC,RVO,13,20,10,60,40,0,15.7,797,6,4.9,1,0,0,0,0
Owl,MPC,RVO,14,20,10,60,40,0,2.0,115,3,1.8666666666666665,0,1,0,0,0
Owl,MPC,RVO,15,20,10,60,40,0,4.7,294,2,0.35,0,0,1,0,0
Owl,MPC,RVO,16,20,10,60,40,0,1.9,138,3,1.0,0,0,1,0,0
Owl,MPC,RVO,17,20,10,60,40,0,16.400000000000002,776,5,4.48,1,0,0,0,0
Owl,MPC,RVO,18,20,10,60,40,0,16.400000000000002,761,7,4.4,1,0,0,0,0
Owl,MPC,RVO,19,20,10,60,40,0,18.4,880,9,3.766666666666668,0,0,1,0,0
Owl,MPC,RVO,20,20,10,60,40,0,19.700000000000003,845,5,10.4,1,0,0,0,0
Owl,MPC,RVO,21,20,10,60,40,0,18.7,815,8,4.45,1,0,0,0,0
Owl,MPC,RVO,22,20,10,60,40,0,11.4,562,7,5.214285714285714,0,0,1,0,0
Owl,MPC,RVO,23,20,10,60,40,0,3.8,238,2,2.4000000000000004,0,0,1,0,0
Owl,MPC,RVO,24,20,10,60,40,0,15.9,758,9,4.022222222222222,1,0,0,0,0
Owl,MPC,RVO,25,20,10,60,40,0,16.3,782,5,4.88,1,0,0,0,0
Owl,MPC,RVO,26,20,10,60,40,0,6.4,316,4,3.625,0,1,0,0,0
Owl,MPC,RVO,27,20,10,60,40,0,10.4,512,6,4.3,0,0,1,0,0
Owl,MPC,RVO,28,20,10,60,40,0,19.700000000000003,885,9,5.377777777777777,1,0,0,0,0
Owl,MPC,RVO,29,20,10,60,40,0,5.7,298,5,3.72,0,0,1,0,0
Owl,MPC,RVO,0,20,10,60,60,0,13.1,682,5,4.1,1,0,0,0,0
Owl,MPC,RVO,1,20,10,60,60,0,8.6,528,4,4.025,0,1,0,0,0
Owl,MPC,RVO,2,20,10,60,60,0,11.5,632,3,4.000000000000001,1,0,0,0,0
Owl,MPC,RVO,3,20,10,60,60,0,5.9,404,3,1.4,0,0,1,0,0
Owl,MPC,RVO,4,20,10,60,60,0,12.3,742,5,4.44,0,0,1,0,0
Owl,MPC,RVO,5,20,10,60,60,0,3.9,269,2,1.5500000000000005,0,0,1,0,0
Owl,MPC,RVO,6,20,10,60,60,0,12.1,672,10,3.770000000000001,1,0,0,0,0
Owl,MPC,RVO,7,20,10,60,60,0,12.1,602,6,5.583333333333333,1,0,0,0,0
Owl,MPC,RVO,8,20,10,60,60,0,3.0,223,2,0.4,0,0,1,0,0
Owl,MPC,RVO,9,20,10,60,60,0,6.300000000000001,414,5,2.12,0,0,1,0,0
Owl,MPC,RVO,10,20,10,60,60,0,0.7000000000000001,72,1,0.7000000000000001,0,0,1,0,0
Owl,MPC,RVO,11,20,10,60,60,0,3.6,241,3,1.0666666666666669,0,0,1,0,0
Owl,MPC,RVO,12,20,10,60,60,0,1.9,145,1,0.5,0,0,1,0,0
Owl,MPC,RVO,13,20,10,60,60,0,11.7,659,8,4.4375,1,0,0,0,0
Owl,MPC,RVO,14,20,10,60,60,0,11.2,693,8,4.550000000000001,0,0,1,0,0
Owl,MPC,RVO,15,20,10,60,60,0,4.7,327,2,0.8,0,0,1,0,0
Owl,MPC,RVO,16,20,10,60,60,0,1.8,134,3,0.9,0,0,1,0,0
Owl,MPC,RVO,17,20,10,60,60,0,11.7,714,4,3.625,1,0,0,0,0
Owl,MPC,RVO,18,20,10,60,60,0,9.4,581,5,2.7,0,0,1,0,0
Owl,MPC,RVO,19,20,10,60,60,0,3.3000000000000003,216,3,1.3666666666666665,0,0,1,0,0
Owl,MPC,RVO,20,20,10,60,60,0,5.7,364,1,5.300000000000001,0,0,1,0,0
Owl,MPC,RVO,21,20,10,60,60,0,8.5,504,4,3.5500000000000003,0,0,1,0,0
Owl,MPC,RVO,22,20,10,60,60,0,11.5,642,9,3.988888888888889,0,0,1,0,0
Owl,MPC,RVO,23,20,10,60,60,0,11.8,653,5,5.08,1,0,0,0,0
Owl,MPC,RVO,24,20,10,60,60,0,7.1000000000000005,450,6,2.8166666666666664,0,0,1,0,0
Owl,MPC,RVO,25,20,10,60,60,0,12.4,667,11,3.0090909090909093,1,0,0,0,0
Owl,MPC,RVO,26,20,10,60,60,0,3.7,252,4,2.175,0,0,1,0,0
Owl,MPC,RVO,27,20,10,60,60,0,8.700000000000001,487,5,4.6,0,1,0,0,0
Owl,MPC,RVO,28,20,10,60,60,0,2.9000000000000004,202,2,1.2500000000000002,0,0,1,0,0
Owl,MPC,RVO,29,20,10,60,60,0,11.7,632,5,5.5200000000000005,1,0,0,0,0
Owl,MPC,RVO,0,30,10,20,20,0,41.5,958,19,14.521052631578948,1,0,0,0,0
Owl,MPC,RVO,1,30,10,20,20,0,33.7,931,12,12.1,1,0,0,0,0
Owl,MPC,RVO,2,30,10,20,20,0,34.1,850,6,17.433333333333334,1,0,0,0,0
Owl,MPC,RVO,3,30,10,20,20,0,41.400000000000006,1043,12,12.45,1,0,0,0,0
Owl,MPC,RVO,4,30,10,20,20,0,36.5,956,11,13.71818181818182,0,0,1,0,0
Owl,MPC,RVO,5,30,10,20,20,0,34.0,966,8,10.325,1,0,0,0,0
Owl,MPC,RVO,6,30,10,20,20,0,35.0,868,12,10.550000000000002,1,0,0,0,0
Owl,MPC,RVO,7,30,10,20,20,0,1.7000000000000002,116,1,1.7000000000000002,0,0,1,0,0
Owl,MPC,RVO,8,30,10,20,20,0,41.1,934,10,13.8,1,0,0,0,0
Owl,MPC,RVO,9,30,10,20,20,0,1.2000000000000002,100,2,1.2000000000000002,0,0,1,0,0
Owl,MPC,RVO,10,30,10,20,20,0,33.1,874,10,12.29,1,0,0,0,0
Owl,MPC,RVO,11,30,10,20,20,0,2.6,122,2,2.3,0,0,1,0,0
Owl,MPC,RVO,12,30,10,20,20,0,36.7,1033,18,11.266666666666667,1,0,0,0,0
Owl,MPC,RVO,13,30,10,20,20,0,4.1000000000000005,121,2,3.1500000000000004,0,0,1,0,0
Owl,MPC,RVO,14,30,10,20,20,0,1.7000000000000002,90,3,1.4333333333333336,0,1,0,0,0
Owl,MPC,RVO,15,30,10,20,20,0,15.8,429,3,10.1,0,1,0,0,0
Owl,MPC,RVO,16,30,10,20,20,0,12.3,329,5,7.640000000000001,0,0,1,0,0
Owl,MPC,RVO,17,30,10,20,20,0,33.5,947,9,11.488888888888887,1,0,0,0,0
Owl,MPC,RVO,18,30,10,20,20,0,43.1,932,11,16.33636363636364,1,0,0,0,0
Owl,MPC,RVO,19,30,10,20,20,0,32.800000000000004,791,10,14.169999999999998,1,0,0,0,0
Owl,MPC,RVO,20,30,10,20,20,0,80.0,971,19,15.015789473684212,0,0,0,1,0
Owl,MPC,RVO,21,30,10,20,20,0,47.2,988,10,13.98,1,0,0,0,0
Owl,MPC,RVO,22,30,10,20,20,0,46.2,930,14,13.47857142857143,1,0,0,0,0
Owl,MPC,RVO,23,30,10,20,20,0,1.0,82,1,1.0,0,1,0,0,0
Owl,MPC,RVO,24,30,10,20,20,0,49.5,809,17,16.623529411764707,1,0,0,0,0
Owl,MPC,RVO,25,30,10,20,20,0,2.1,113,2,1.85,0,0,1,0,0
Owl,MPC,RVO,26,30,10,20,20,0,38.8,950,13,12.546153846153846,1,0,0,0,0
Owl,MPC,RVO,27,30,10,20,20,0,0.3,32,2,0.3,0,0,1,0,0
Owl,MPC,RVO,28,30,10,20,20,0,34.6,845,14,13.078571428571427,1,0,0,0,0
Owl,MPC,RVO,29,30,10,20,20,0,30.6,923,6,11.85,1,0,0,0,0
Owl,MPC,RVO,0,30,10,20,40,0,35.7,1006,18,13.52777777777778,1,0,0,0,0
Owl,MPC,RVO,1,30,10,20,40,0,31.700000000000003,841,8,11.462500000000002,1,0,0,0,0
Owl,MPC,RVO,2,30,10,20,40,0,21.700000000000003,828,9,9.022222222222222,1,0,0,0,0
Owl,MPC,RVO,3,30,10,20,40,0,17.5,809,7,12.342857142857142,1,0,0,0,0
Owl,MPC,RVO,4,30,10,20,40,0,29.4,853,9,11.47777777777778,1,0,0,0,0
Owl,MPC,RVO,5,30,10,20,40,0,17.900000000000002,799,12,8.625,0,0,1,0,0
Owl,MPC,RVO,6,30,10,20,40,0,22.0,844,11,8.190909090909091,1,0,0,0,0
Owl,MPC,RVO,7,30,10,20,40,0,23.8,712,7,10.214285714285714,1,0,0,0,0
Owl,MPC,RVO,8,30,10,20,40,0,13.7,665,6,9.3,0,1,0,0,0
Owl,MPC,RVO,9,30,10,20,40,0,1.2000000000000002,108,2,1.2000000000000002,0,0,1,0,0
Owl,MPC,RVO,10,30,10,20,40,0,16.0,711,11,7.00909090909091,1,0,0,0,0
Owl,MPC,RVO,11,30,10,20,40,0,16.400000000000002,793,7,7.0,1,0,0,0,0
Owl,MPC,RVO,12,30,10,20,40,0,35.6,872,13,12.96923076923077,1,0,0,0,0
Owl,MPC,RVO,13,30,10,20,40,0,4.6000000000000005,154,2,3.75,0,0,1,0,0
Owl,MPC,RVO,14,30,10,20,40,0,1.1,88,3,0.9,0,1,0,0,0
Owl,MPC,RVO,15,30,10,20,40,0,20.8,835,7,9.842857142857143,1,0,0,0,0
Owl,MPC,RVO,16,30,10,20,40,0,20.200000000000003,773,9,10.61111111111111,1,0,0,0,0
Owl,MPC,RVO,17,30,10,20,40,0,10.4,463,3,5.233333333333333,0,1,0,0,0
Owl,MPC,RVO,18,30,10,20,40,0,27.5,914,13,12.3,1,0,0,0,0
Owl,MPC,RVO,19,30,10,20,40,0,22.700000000000003,774,11,10.227272727272728,1,0,0,0,0
Owl,MPC,RVO,20,30,10,20,40,0,18.1,832,7,10.042857142857144,1,0,0,0,0
Owl,MPC,RVO,21,30,10,20,40,0,24.0,840,13,10.169230769230772,0,0,1,0,0
Owl,MPC,RVO,22,30,10,20,40,0,21.700000000000003,901,17,8.894117647058822,0,0,1,0,0
Owl,MPC,RVO,23,30,10,20,40,0,1.1,88,1,1.1,0,1,0,0,0
Owl,MPC,RVO,24,30,10,20,40,0,20.1,757,12,8.750000000000002,1,0,0,0,0
Owl,MPC,RVO,25,30,10,20,40,0,1.9,128,2,1.65,0,0,1,0,0
Owl,MPC,RVO,26,30,10,20,40,0,19.3,757,8,9.1875,0,0,1,0,0
Owl,MPC,RVO,27,30,10,20,40,0,0.5,32,2,0.5,0,0,1,0,0
Owl,MPC,RVO,28,30,10,20,40,0,34.800000000000004,884,14,13.535714285714286,1,0,0,0,0
Owl,MPC,RVO,29,30,10,20,40,0,29.0,915,10,13.96,1,0,0,0,0
Owl,MPC,RVO,0,30,10,20,60,0,13.8,784,7,6.9,1,0,0,0,0
Owl,MPC,RVO,1,30,10,20,60,0,13.8,768,10,8.14,1,0,0,0,0
Owl,MPC,RVO,2,30,10,20,60,0,10.7,565,7,4.842857142857143,0,0,1,0,0
Owl,MPC,RVO,3,30,10,20,60,0,5.300000000000001,356,4,3.2,0,0,1,0,0
Owl,MPC,RVO,4,30,10,20,60,0,5.1000000000000005,329,8,1.9,0,0,1,0,0
Owl,MPC,RVO,5,30,10,20,60,0,18.5,693,13,11.13846153846154,1,0,0,0,0
Owl,MPC,RVO,6,30,10,20,60,0,23.9,867,15,9.746666666666666,1,0,0,0,0
Owl,MPC,RVO,7,30,10,20,60,0,13.1,770,9,6.444444444444445,1,0,0,0,0
Owl,MPC,RVO,8,30,10,20,60,0,14.5,741,9,8.422222222222224,1,0,0,0,0
Owl,MPC,RVO,9,30,10,20,60,0,1.2000000000000002,108,2,1.2000000000000002,0,0,1,0,0
Owl,MPC,RVO,10,30,10,20,60,0,3.2,206,4,2.0500000000000003,0,0,1,0,0
Owl,MPC,RVO,11,30,10,20,60,0,12.5,695,6,6.25,1,0,0,0,0
Owl,MPC,RVO,12,30,10,20,60,0,9.9,566,9,4.1,0,0,1,0,0
Owl,MPC,RVO,13,30,10,20,60,0,13.5,757,10,5.610000000000001,0,1,0,0,0
Owl,MPC,RVO,14,30,10,20,60,0,21.5,917,13,10.784615384615384,1,0,0,0,0
Owl,MPC,RVO,15,30,10,20,60,0,10.6,554,5,5.74,0,0,1,0,0
Owl,MPC,RVO,16,30,10,20,60,0,12.2,660,9,6.855555555555556,0,0,1,0,0
Owl,MPC,RVO,17,30,10,20,60,0,8.1,509,7,3.7285714285714286,0,0,1,0,0
Owl,MPC,RVO,18,30,10,20,60,0,11.6,601,9,7.466666666666667,1,0,0,0,0
Owl,MPC,RVO,19,30,10,20,60,0,13.0,747,9,7.866666666666666,1,0,0,0,0
Owl,MPC,RVO,20,30,10,20,60,0,12.5,664,7,7.800000000000002,1,0,0,0,0
Owl,MPC,RVO,21,30,10,20,60,0,17.6,823,11,7.809090909090909,1,0,0,0,0
Owl,MPC,RVO,22,30,10,20,60,0,14.0,730,10,5.49,0,0,1,0,0
Owl,MPC,RVO,23,30,10,20,60,0,1.1,89,1,1.1,0,1,0,0,0
Owl,MPC,RVO,24,30,10,20,60,0,15.3,782,13,6.592307692307693,0,1,0,0,0
Owl,MPC,RVO,25,30,10,20,60,0,2.3000000000000003,131,2,2.0500000000000003,0,0,1,0,0
Owl,MPC,RVO,26,30,10,20,60,0,18.8,818,9,9.522222222222222,0,0,1,0,0
Owl,MPC,RVO,27,30,10,20,60,0,0.3,32,2,0.3,0,0,1,0,0
Owl,MPC,RVO,28,30,10,20,60,0,12.4,630,9,8.08888888888889,1,0,0,0,0
Owl,MPC,RVO,29,30,10,20,60,0,4.0,259,3,2.6333333333333333,0,0,1,0,0
Owl,MPC,RVO,0,30,10,40,20,0,14.0,470,10,5.08,0,0,1,0,0
Owl,MPC,RVO,1,30,10,40,20,0,21.200000000000003,619,12,6.391666666666666,0,0,1,0,0
Owl,MPC,RVO,2,30,10,40,20,0,31.8,866,8,10.375,1,0,0,0,0
Owl,MPC,RVO,3,30,10,40,20,0,30.700000000000003,864,11,10.381818181818184,1,0,0,0,0
Owl,MPC,RVO,4,30,10,40,20,0,5.4,204,3,2.6,0,0,1,0,0
Owl,MPC,RVO,5,30,10,40,20,0,14.6,508,5,4.0600000000000005,0,0,1,0,0
Owl,MPC,RVO,6,30,10,40,20,0,34.0,959,17,6.641176470588236,0,0,1,0,0
Owl,MPC,RVO,7,30,10,40,20,0,34.300000000000004,870,12,9.558333333333335,1,0,0,0,0
Owl,MPC,RVO,8,30,10,40,20,0,32.800000000000004,867,15,8.086666666666666,1,0,0,0,0
Owl,MPC,RVO,9,30,10,40,20,0,0.9,94,3,0.6666666666666666,0,0,1,0,0
Owl,MPC,RVO,10,30,10,40,20,0,28.200000000000003,807,10,7.730000000000001,0,0,1,0,0
Owl,MPC,RVO,11,30,10,40,20,0,0.3,37,2,0.3,0,0,1,0,0
Owl,MPC,RVO,12,30,10,40,20,0,8.5,292,7,4.685714285714286,0,0,1,0,0
Owl,MPC,RVO,13,30,10,40,20,0,5.5,170,3,2.0333333333333337,0,0,1,0,0
Owl,MPC,RVO,14,30,10,40,20,0,5.1000000000000005,193,3,3.8,0,0,1,0,0
Owl,MPC,RVO,15,30,10,40,20,0,20.8,639,9,5.477777777777778,0,0,1,0,0
Owl,MPC,RVO,16,30,10,40,20,0,9.4,270,5,6.92,0,0,1,0,0
Owl,MPC,RVO,17,30,10,40,20,0,24.0,747,8,7.775,0,0,0,0,1
Owl,MPC,RVO,18,30,10,40,20,0,35.5,994,11,10.31818181818182,1,0,0,0,0
Owl,MPC,RVO,19,30,10,40,20,0,2.7,145,5,1.66,0,0,1,0,0
Owl,MPC,RVO,20,30,10,40,20,0,15.0,433,8,5.6875,0,0,1,0,0
Owl,MPC,RVO,21,30,10,40,20,0,21.9,659,7,4.214285714285714,0,0,1,0,0
Owl,MPC,RVO,22,30,10,40,20,0,0.4,49,2,0.4,0,0,1,0,0
Owl,MPC,RVO,23,30,10,40,20,0,0.8,82,1,0.8,0,1,0,0,0
Owl,MPC,RVO,24,30,10,40,20,0,7.5,204,5,4.140000000000001,0,0,1,0,0
Owl,MPC,RVO,25,30,10,40,20,0,20.200000000000003,548,13,6.915384615384616,0,0,1,0,0
Owl,MPC,RVO,26,30,10,40,20,0,7.9,260,6,3.983333333333333,0,0,1,0,0
Owl,MPC,RVO,27,30,10,40,20,0,0.2,30,2,0.2,0,0,1,0,0
Owl,MPC,RVO,28,30,10,40,20,0,32.300000000000004,890,20,7.074999999999998,1,0,0,0,0
Owl,MPC,RVO,29,30,10,40,20,0,33.800000000000004,942,14,7.335714285714287,1,0,0,0,0
Owl,MPC,RVO,0,30,10,40,40,0,13.0,483,10,4.9300000000000015,0,0,1,0,0
Owl,MPC,RVO,1,30,10,40,40,0,25.6,917,13,8.392307692307693,1,0,0,0,0
Owl,MPC,RVO,2,30,10,40,40,0,20.0,891,8,6.6000000000000005,1,0,0,0,0
Owl,MPC,RVO,3,30,10,40,40,0,19.200000000000003,794,13,7.176923076923078,0,0,1,0,0
Owl,MPC,RVO,4,30,10,40,40,0,20.0,861,12,8.85,1,0,0,0,0
Owl,MPC,RVO,5,30,10,40,40,0,20.5,897,11,6.318181818181818,0,0,1,0,0
Owl,MPC,RVO,6,30,10,40,40,0,21.3,864,13,6.461538461538462,0,0,1,0,0
Owl,MPC,RVO,7,30,10,40,40,0,18.9,764,10,7.090000000000001,1,0,0,0,0
Owl,MPC,RVO,8,30,10,40,40,0,16.5,741,8,7.7875,1,0,0,0,0
Owl,MPC,RVO,9,30,10,40,40,0,0.8,88,3,0.5666666666666668,0,0,1,0,0
Owl,MPC,RVO,10,30,10,40,40,0,19.9,824,11,5.71818181818182,1,0,0,0,0
Owl,MPC,RVO,11,30,10,40,40,0,0.4,47,2,0.4,0,0,1,0,0
Owl,MPC,RVO,12,30,10,40,40,0,12.5,588,9,6.000000000000001,0,0,1,0,0
Owl,MPC,RVO,13,30,10,40,40,0,19.9,796,14,6.550000000000002,1,0,0,0,0
Owl,MPC,RVO,14,30,10,40,40,0,1.2000000000000002,89,3,1.0333333333333334,0,1,0,0,0
Owl,MPC,RVO,15,30,10,40,40,0,15.9,759,9,4.688888888888888,0,0,1,0,0
Owl,MPC,RVO,16,30,10,40,40,0,22.200000000000003,829,7,10.3,1,0,0,0,0
Owl,MPC,RVO,17,30,10,40,40,0,17.0,820,6,6.883333333333334,1,0,0,0,0
Owl,MPC,RVO,18,30,10,40,40,0,28.8,1064,18,8.516666666666666,1,0,0,0,0
Owl,MPC,RVO,19,30,10,40,40,0,18.5,778,11,6.054545454545456,1,0,0,0,0
Owl,MPC,RVO,20,30,10,40,40,0,20.5,849,10,6.6,1,0,0,0,0
Owl,MPC,RVO,21,30,10,40,40,0,26.5,967,11,7.936363636363636,0,0,1,0,0
Owl,MPC,RVO,22,30,10,40,40,0,0.5,58,2,0.5,0,0,1,0,0
Owl,MPC,RVO,23,30,10,40,40,0,0.8,85,1,0.8,0,1,0,0,0
Owl,MPC,RVO,24,30,10,40,40,0,12.8,491,4,9.225,0,1,0,0,0
Owl,MPC,RVO,25,30,10,40,40,0,12.4,553,13,4.176923076923076,0,0,1,0,0
Owl,MPC,RVO,26,30,10,40,40,0,4.800000000000001,243,5,2.66,0,0,1,0,0
Owl,MPC,RVO,27,30,10,40,40,0,0.2,30,2,0.2,0,0,1,0,0
Owl,MPC,RVO,28,30,10,40,40,0,28.200000000000003,916,15,9.07333333333333,1,0,0,0,0
Owl,MPC,RVO,29,30,10,40,40,0,16.5,738,7,6.385714285714286,1,0,0,0,0
Owl,MPC,RVO,0,30,10,40,60,0,5.300000000000001,290,3,2.6666666666666665,0,0,1,0,0
Owl,MPC,RVO,1,30,10,40,60,0,3.6,264,2,2.55,0,0,1,0,0
Owl,MPC,RVO,2,30,10,40,60,0,13.3,643,10,6.57,1,0,0,0,0
Owl,MPC,RVO,3,30,10,40,60,0,15.8,702,11,6.163636363636365,0,0,1,0,0
Owl,MPC,RVO,4,30,10,40,60,0,5.5,336,5,1.9,0,0,1,0,0
Owl,MPC,RVO,5,30,10,40,60,0,4.800000000000001,299,3,1.8666666666666665,0,0,1,0,0
Owl,MPC,RVO,6,30,10,40,60,0,2.0,126,2,1.4,0,0,1,0,0
Owl,MPC,RVO,7,30,10,40,60,0,3.9,184,1,3.9,0,1,0,0,0
Owl,MPC,RVO,8,30,10,40,60,0,11.0,639,8,5.862500000000001,0,0,1,0,0
Owl,MPC,RVO,9,30,10,40,60,0,0.8,88,3,0.5666666666666668,0,0,1,0,0
Owl,MPC,RVO,10,30,10,40,60,0,11.1,662,6,4.533333333333334,0,0,1,0,0
Owl,MPC,RVO,11,30,10,40,60,0,0.4,47,2,0.4,0,0,1,0,0
Owl,MPC,RVO,12,30,10,40,60,0,4.5,290,5,2.5200000000000005,0,0,1,0,0
Owl,MPC,RVO,13,30,10,40,60,0,11.5,631,9,3.588888888888889,0,1,0,0,0
Owl,MPC,RVO,14,30,10,40,60,0,11.9,507,5,5.42,0,0,1,0,0
Owl,MPC,RVO,15,30,10,40,60,0,12.5,657,9,6.48888888888889,1,0,0,0,0
Owl,MPC,RVO,16,30,10,40,60,0,13.2,524,6,9.866666666666667,0,0,1,0,0
Owl,MPC,RVO,17,30,10,40,60,0,4.4,303,2,2.2,0,0,1,0,0
Owl,MPC,RVO,18,30,10,40,60,0,6.800000000000001,327,5,4.5600000000000005,0,0,1,0,0
Owl,MPC,RVO,19,30,10,40,60,0,2.9000000000000004,197,3,2.333333333333333,0,0,1,0,0
Owl,MPC,RVO,20,30,10,40,60,0,15.1,710,11,5.572727272727273,0,0,1,0,0
Owl,MPC,RVO,21,30,10,40,60,0,19.8,788,7,7.800000000000002,1,0,0,0,0
Owl,MPC,RVO,22,30,10,40,60,0,0.5,58,2,0.5,0,0,1,0,0
Owl,MPC,RVO,23,30,10,40,60,0,7.6,428,6,2.483333333333333,0,0,1,0,0
Owl,MPC,RVO,24,30,10,40,60,0,14.5,674,7,7.628571428571428,0,0,1,0,0
Owl,MPC,RVO,25,30,10,40,60,0,15.6,902,11,7.318181818181819,1,0,0,0,0
Owl,MPC,RVO,26,30,10,40,60,0,4.3,264,5,2.54,0,0,1,0,0
Owl,MPC,RVO,27,30,10,40,60,0,0.2,30,2,0.2,0,0,1,0,0
Owl,MPC,RVO,28,30,10,40,60,0,4.6000000000000005,291,5,2.5800000000000005,0,0,1,0,0
Owl,MPC,RVO,29,30,10,40,60,0,2.3000000000000003,155,2,1.65,0,0,1,0,0
Owl,MPC,RVO,0,30,10,60,20,0,33.800000000000004,981,13,6.361538461538463,1,0,0,0,0
Owl,MPC,RVO,1,30,10,60,20,0,3.1,166,2,2.1500000000000004,0,0,1,0,0
Owl,MPC,RVO,2,30,10,60,20,0,16.3,516,9,4.922222222222223,0,0,1,0,0
Owl,MPC,RVO,3,30,10,60,20,0,9.0,313,6,4.466666666666667,0,0,1,0,0
Owl,MPC,RVO,4,30,10,60,20,0,33.6,875,19,6.273684210526316,1,0,0,0,0
Owl,MPC,RVO,5,30,10,60,20,0,6.4,251,2,1.4500000000000002,0,0,1,0,0
Owl,MPC,RVO,6,30,10,60,20,0,12.9,407,6,3.7833333333333337,0,0,1,0,0
Owl,MPC,RVO,7,30,10,60,20,0,8.200000000000001,243,2,3.35,0,0,1,0,0
Owl,MPC,RVO,8,30,10,60,20,0,9.7,349,7,3.085714285714286,0,0,1,0,0
Owl,MPC,RVO,9,30,10,60,20,0,32.7,896,16,5.25625,0,0,1,0,0
Owl,MPC,RVO,10,30,10,60,20,0,18.6,550,10,4.860000000000001,0,0,1,0,0
Owl,MPC,RVO,11,30,10,60,20,0,0.2,29,1,0.2,0,0,1,0,0
Owl,MPC,RVO,12,30,10,60,20,0,15.7,394,10,5.07,0,0,1,0,0
Owl,MPC,RVO,13,30,10,60,20,0,1.7000000000000002,93,2,1.25,0,0,1,0,0
Owl,MPC,RVO,14,30,10,60,20,0,2.0,117,3,1.6666666666666667,0,0,1,0,0
Owl,MPC,RVO,15,30,10,60,20,0,30.6,798,15,6.933333333333335,0,0,1,0,0
Owl,MPC,RVO,16,30,10,60,20,0,9.7,336,6,3.883333333333334,0,0,1,0,0
Owl,MPC,RVO,17,30,10,60,20,0,22.700000000000003,664,8,6.25,0,1,0,0,0
Owl,MPC,RVO,18,30,10,60,20,0,15.2,465,10,4.95,0,0,1,0,0
Owl,MPC,RVO,19,30,10,60,20,0,2.5,140,5,1.3,0,0,1,0,0
Owl,MPC,RVO,20,30,10,60,20,0,24.5,680,15,5.500000000000001,0,0,1,0,0
Owl,MPC,RVO,21,30,10,60,20,0,13.9,452,4,3.575,0,0,1,0,0
Owl,MPC,RVO,22,30,10,60,20,0,0.3,44,1,0.3,0,0,1,0,0
Owl,MPC,RVO,23,30,10,60,20,0,32.300000000000004,880,21,5.566666666666667,0,0,1,0,0
Owl,MPC,RVO,24,30,10,60,20,0,4.5,159,5,3.14,0,0,1,0,0
Owl,MPC,RVO,25,30,10,60,20,0,32.0,855,17,5.529411764705882,1,0,0,0,0
Owl,MPC,RVO,26,30,10,60,20,0,8.4,297,7,3.3285714285714287,0,0,1,0,0
Owl,MPC,RVO,27,30,10,60,20,0,0.1,22,2,0.1,0,0,1,0,0
Owl,MPC,RVO,28,30,10,60,20,0,20.700000000000003,628,17,6.235294117647059,0,0,1,0,0
Owl,MPC,RVO,29,30,10,60,20,0,4.6000000000000005,182,3,2.3666666666666667,0,0,1,0,0
Owl,MPC,RVO,0,30,10,60,40,0,18.7,770,10,4.58,1,0,0,0,0
Owl,MPC,RVO,1,30,10,60,40,0,9.5,509,9,3.577777777777778,0,0,1,0,0
Owl,MPC,RVO,2,30,10,60,40,0,11.4,534,6,5.8,0,0,1,0,0
Owl,MPC,RVO,3,30,10,60,40,0,16.7,750,8,6.35,1,0,0,0,0
Owl,MPC,RVO,4,30,10,60,40,0,7.4,400,4,3.475,0,0,1,0,0
Owl,MPC,RVO,5,30,10,60,40,0,7.0,400,3,2.533333333333333,0,0,1,0,0
Owl,MPC,RVO,6,30,10,60,40,0,15.0,746,15,4.26,0,0,1,0,0
Owl,MPC,RVO,7,30,10,60,40,0,10.2,472,5,3.4800000000000004,0,0,1,0,0
Owl,MPC,RVO,8,30,10,60,40,0,15.9,797,8,4.0875,0,0,1,0,0
Owl,MPC,RVO,9,30,10,60,40,0,16.3,781,13,3.976923076923077,0,0,1,0,0
Owl,MPC,RVO,10,30,10,60,40,0,1.8,95,2,1.75,0,1,0,0,0
Owl,MPC,RVO,11,30,10,60,40,0,0.2,29,1,0.2,0,0,1,0,0
Owl,MPC,RVO,12,30,10,60,40,0,14.4,579,10,5.290000000000001,0,0,1,0,0
Owl,MPC,RVO,13,30,10,60,40,0,1.4,92,2,0.95,0,0,1,0,0
Owl,MPC,RVO,14,30,10,60,40,0,2.1,131,4,1.3250000000000002,0,0,1,0,0
Owl,MPC,RVO,15,30,10,60,40,0,7.7,389,4,3.775,0,1,0,0,0
Owl,MPC,RVO,16,30,10,60,40,0,2.3000000000000003,132,3,1.6666666666666667,0,0,1,0,0
Owl,MPC,RVO,17,30,10,60,40,0,16.400000000000002,768,8,6.025,1,0,0,0,0
Owl,MPC,RVO,18,30,10,60,40,0,1.9,129,3,1.2666666666666668,0,0,1,0,0
Owl,MPC,RVO,19,30,10,60,40,0,2.2,152,4,1.6,0,0,1,0,0
Owl,MPC,RVO,20,30,10,60,40,0,1.5,108,2,1.4,0,0,1,0,0
Owl,MPC,RVO,21,30,10,60,40,0,16.5,809,6,4.1000000000000005,1,0,0,0,0
Owl,MPC,RVO,22,30,10,60,40,0,0.3,44,1,0.3,0,0,1,0,0
Owl,MPC,RVO,23,30,10,60,40,0,8.0,372,7,2.657142857142857,0,0,1,0,0
Owl,MPC,RVO,24,30,10,60,40,0,1.4,99,2,1.25,0,0,1,0,0
Owl,MPC,RVO,25,30,10,60,40,0,15.6,780,11,5.336363636363637,0,0,1,0,0
Owl,MPC,RVO,26,30,10,60,40,0,3.5,217,6,1.65,0,0,1,0,0
Owl,MPC,RVO,27,30,10,60,40,0,0.1,22,2,0.1,0,0,1,0,0
Owl,MPC,RVO,28,30,10,60,40,0,20.5,821,13,5.261538461538461,1,0,0,0,0
Owl,MPC,RVO,29,30,10,60,40,0,1.9,137,2,1.35,0,0,1,0,0
Owl,MPC,RVO,0,30,10,60,60,0,8.9,540,6,4.133333333333334,0,1,0,0,0
Owl,MPC,RVO,1,30,10,60,60,0,10.6,631,12,3.891666666666667,0,0,1,0,0
Owl,MPC,RVO,2,30,10,60,60,0,11.7,678,7,5.442857142857143,1,0,0,0,0
Owl,MPC,RVO,3,30,10,60,60,0,6.4,381,5,4.220000000000001,0,0,1,0,0
Owl,MPC,RVO,4,30,10,60,60,0,2.0,132,1,2.0,0,0,1,0,0
Owl,MPC,RVO,5,30,10,60,60,0,12.2,701,12,3.85,1,0,0,0,0
Owl,MPC,RVO,6,30,10,60,60,0,2.8000000000000003,193,3,1.5333333333333334,0,0,1,0,0
Owl,MPC,RVO,7,30,10,60,60,0,10.7,612,6,3.4500000000000006,0,0,1,0,0
Owl,MPC,RVO,8,30,10,60,60,0,11.5,627,7,5.142857142857144,0,0,1,0,0
Owl,MPC,RVO,9,30,10,60,60,0,12.2,694,9,4.144444444444445,1,0,0,0,0
Owl,MPC,RVO,10,30,10,60,60,0,4.3,264,4,2.4000000000000004,0,0,1,0,0
Owl,MPC,RVO,11,30,10,60,60,0,0.2,29,1,0.2,0,0,1,0,0
Owl,MPC,RVO,12,30,10,60,60,0,15.0,722,14,4.585714285714287,0,0,1,0,0
Owl,MPC,RVO,13,30,10,60,60,0,1.4,92,2,0.95,0,0,1,0,0
Owl,MPC,RVO,14,30,10,60,60,0,0.8,76,3,0.6333333333333334,0,0,1,0,0
Owl,MPC,RVO,15,30,10,60,60,0,11.4,663,8,2.825,0,0,1,0,0
Owl,MPC,RVO,16,30,10,60,60,0,2.3000000000000003,138,3,1.6666666666666667,0,0,1,0,0
Owl,MPC,RVO,17,30,10,60,60,0,6.300000000000001,383,4,2.6500000000000004,0,1,0,0,0
Owl,MPC,RVO,18,30,10,60,60,0,1.8,128,3,1.1666666666666667,0,0,1,0,0
Owl,MPC,RVO,19,30,10,60,60,0,2.4000000000000004,169,5,1.4600000000000002,0,0,1,0,0
Owl,MPC,RVO,20,30,10,60,60,0,1.5,108,2,1.4,0,0,1,0,0
Owl,MPC,RVO,21,30,10,60,60,0,5.5,326,3,1.6666666666666667,0,0,1,0,0
Owl,MPC,RVO,22,30,10,60,60,0,0.3,44,1,0.3,0,0,1,0,0
Owl,MPC,RVO,23,30,10,60,60,0,13.9,787,11,4.800000000000001,0,0,1,0,0
Owl,MPC,RVO,24,30,10,60,60,0,1.7000000000000002,115,3,1.2333333333333334,0,0,1,0,0
Owl,MPC,RVO,25,30,10,60,60,0,15.5,744,13,5.446153846153847,1,0,0,0,0
Owl,MPC,RVO,26,30,10,60,60,0,4.5,276,6,2.333333333333333,0,0,1,0,0
Owl,MPC,RVO,27,30,10,60,60,0,0.1,22,2,0.1,0,0,1,0,0
Owl,MPC,RVO,28,30,10,60,60,0,4.1000000000000005,240,6,2.483333333333334,0,0,1,0,0
Owl,MPC,RVO,29,30,10,60,60,0,2.0,144,2,1.45,0,0,1,0,0
